http://www.wikidata.org/entity/Q1074924,Q1074924,Блъсково
http://www.wikidata.org/entity/Q1075053,Q1075053,Арковна
http://www.wikidata.org/entity/Q1075170,Q1075170,Горен Чифлик
http://www.wikidata.org/entity/Q1075301,Q1075301,Камен Дял
http://www.wikidata.org/entity/Q1075360,Q1075360,Смиров Дол
http://www.wikidata.org/entity/Q1073421,Q1073421,Видрар
http://www.wikidata.org/entity/Q1073427,Q1073427,Милкьовци
http://www.wikidata.org/entity/Q1073445,Q1073445,Банище
http://www.wikidata.org/entity/Q1073531,Q1073531,Долна Врабча
http://www.wikidata.org/entity/Q1073558,Q1073558,Долни Романци
http://www.wikidata.org/entity/Q1073625,Q1073625,Беланица
http://www.wikidata.org/entity/Q1073669,Q1073669,Бобораци
http://www.wikidata.org/entity/Q1074149,Q1074149,Докьовци
http://www.wikidata.org/entity/Q1074194,Q1074194,Беренде
http://www.wikidata.org/entity/Q1074214,Q1074214,Горна Врабча
http://www.wikidata.org/entity/Q1074247,Q1074247,Видрица
http://www.wikidata.org/entity/Q1074288,Q1074288,Долна Мелна
http://www.wikidata.org/entity/Q1074322,Q1074322,Селищен Дол
http://www.wikidata.org/entity/Q1074336,Q1074336,Пенкьовци
http://www.wikidata.org/entity/Q1074387,Q1074387,Горни Романци
http://www.wikidata.org/entity/Q1076284,Q1076284,Ново Оряхово
http://www.wikidata.org/entity/Q1076299,Q1076299,Долна Липница
http://www.wikidata.org/entity/Q1076305,Q1076305,Беляковец
http://www.wikidata.org/entity/Q1076372,Q1076372,Нова Шипка
http://www.wikidata.org/entity/Q1076383,Q1076383,Дебели рът
http://www.wikidata.org/entity/Q1076468,Q1076468,Горни Танчевци
http://www.wikidata.org/entity/Q1076474,Q1076474,Горско Калугерово
http://www.wikidata.org/entity/Q1076516,Q1076516,Тутраканци
http://www.wikidata.org/entity/Q1076528,Q1076528,Бойчеви колиби
http://www.wikidata.org/entity/Q1076550,Q1076550,Българско Сливово
http://www.wikidata.org/entity/Q1076568,Q1076568,Блъсковци
http://www.wikidata.org/entity/Q1076621,Q1076621,Бряговица
http://www.wikidata.org/entity/Q1076660,Q1076660,Войнежа
http://www.wikidata.org/entity/Q1076677,Q1076677,Долен Еневец
http://www.wikidata.org/entity/Q1076689,Q1076689,Габровци
http://www.wikidata.org/entity/Q1076698,Q1076698,Сладка Вода
http://www.wikidata.org/entity/Q1076718,Q1076718,Радан Войвода
http://www.wikidata.org/entity/Q1076721,Q1076721,Делова махала
http://www.wikidata.org/entity/Q1076804,Q1076804,Бадевци
http://www.wikidata.org/entity/Q1076819,Q1076819,Асеново
http://www.wikidata.org/entity/Q1076835,Q1076835,Горен Еневец
http://www.wikidata.org/entity/Q1076954,Q1076954,Горна Хаджийска
http://www.wikidata.org/entity/Q1076959,Q1076959,Илаков Рът
http://www.wikidata.org/entity/Q1076965,Q1076965,Дълги Припек
http://www.wikidata.org/entity/Q1076988,Q1076988,Долно Шивачево
http://www.wikidata.org/entity/Q1077009,Q1077009,Долни Танчевци
http://www.wikidata.org/entity/Q1077091,Q1077091,Ново Градище
http://www.wikidata.org/entity/Q1077136,Q1077136,Красно Градище
http://www.wikidata.org/entity/Q1077214,Q1077214,Долни Марян
http://www.wikidata.org/entity/Q1077219,Q1077219,Кисьовци
http://www.wikidata.org/entity/Q1077238,Q1077238,Долни Дамяновци
http://www.wikidata.org/entity/Q1077342,Q1077342,Малки Чифлик
http://www.wikidata.org/entity/Q1077441,Q1077441,Мишеморков Хан
http://www.wikidata.org/entity/Q1077522,Q1077522,Овча Могила
http://www.wikidata.org/entity/Q1077674,Q1077674,Черни Дял
http://www.wikidata.org/entity/Q1077698,Q1077698,Русаля
http://www.wikidata.org/entity/Q1077820,Q1077820,Генерал Мариново
http://www.wikidata.org/entity/Q1078388,Q1078388,Долни Бошняк
http://www.wikidata.org/entity/Q1078451,Q1078451,Бела
http://www.wikidata.org/entity/Q1078481,Q1078481,Динково
http://www.wikidata.org/entity/Q1078530,Q1078530,Бранковци
http://www.wikidata.org/entity/Q1078568,Q1078568,Ботево
http://www.wikidata.org/entity/Q1078582,Q1078582,Царски Извор
http://www.wikidata.org/entity/Q1078593,Q1078593,Бела Рада
http://www.wikidata.org/entity/Q1078687,Q1078687,Мали Дреновец
http://www.wikidata.org/entity/Q1078692,Q1078692,Баурене
http://www.wikidata.org/entity/Q1078706,Q1078706,Голямо Пещене
http://www.wikidata.org/entity/Q1078751,Q1078751,Марково Равнище
http://www.wikidata.org/entity/Q1078780,Q1078780,Черно Поле
http://www.wikidata.org/entity/Q1078798,Q1078798,Горна Бешовица
http://www.wikidata.org/entity/Q1078862,Q1078862,Майор Узуново
http://www.wikidata.org/entity/Q1078954,Q1078954,Горно Пещене
http://www.wikidata.org/entity/Q1079016,Q1079016,Ослен Криводол
http://www.wikidata.org/entity/Q1079113,Q1079113,Бели Извор
http://www.wikidata.org/entity/Q1079177,Q1079177,Цар Симеоново
http://www.wikidata.org/entity/Q1079236,Q1079236,Боденец
http://www.wikidata.org/entity/Q1079258,Q1079258,Три Кладенци
http://www.wikidata.org/entity/Q1079312,Q1079312,Средни Рът
http://www.wikidata.org/entity/Q1079503,Q1079503,Мало Пещене
http://www.wikidata.org/entity/Q1079621,Q1079621,Галово
http://www.wikidata.org/entity/Q1079677,Q1079677,Долни Вадин
http://www.wikidata.org/entity/Q1085300,Q1085300,Долна Дъбева
http://www.wikidata.org/entity/Q1085447,Q1085447,Видинци
http://www.wikidata.org/entity/Q1085625,Q1085625,Александрово
http://www.wikidata.org/entity/Q1085686,Q1085686,Горска Поляна
http://www.wikidata.org/entity/Q1085708,Q1085708,Палаузово
http://www.wikidata.org/entity/Q1085733,Q1085733,Костена Река
http://www.wikidata.org/entity/Q1085758,Q1085758,Васил Друмев
http://www.wikidata.org/entity/Q1085800,Q1085800,Златна Нива
http://www.wikidata.org/entity/Q1085824,Q1085824,Александрово
http://www.wikidata.org/entity/Q1085832,Q1085832,Зайчино Ореше
http://www.wikidata.org/entity/Q1085856,Q1085856,Малко Шарково
http://www.wikidata.org/entity/Q1085925,Q1085925,Вълча Поляна
http://www.wikidata.org/entity/Q1086029,Q1086029,Благово
http://www.wikidata.org/entity/Q1086131,Q1086131,Бял Бряг
http://www.wikidata.org/entity/Q1086181,Q1086181,Голям Дервент
http://www.wikidata.org/entity/Q1086335,Q1086335,Войника
http://www.wikidata.org/entity/Q1086360,Q1086360,Дренци
http://www.wikidata.org/entity/Q1086373,Q1086373,Коньовец
http://www.wikidata.org/entity/Q1086379,Q1086379,Жребино
http://www.wikidata.org/entity/Q1086401,Q1086401,Нова Бяла Река
http://www.wikidata.org/entity/Q1086469,Q1086469,Голямо Крушево
http://www.wikidata.org/entity/Q1086481,Q1086481,Межда
http://www.wikidata.org/entity/Q1086497,Q1086497,Долно Вършило
http://www.wikidata.org/entity/Q1086528,Q1086528,Горна Дъбева
http://www.wikidata.org/entity/Q1086539,Q1086539,Малък Манастир
http://www.wikidata.org/entity/Q1086567,Q1086567,Малко Кирилово
http://www.wikidata.org/entity/Q1086707,Q1086707,Добри Войниково
http://www.wikidata.org/entity/Q1086804,Q1086804,Вълчи Извор
http://www.wikidata.org/entity/Q1086845,Q1086845,Роза
http://www.wikidata.org/entity/Q1086873,Q1086873,Иречеково
http://www.wikidata.org/entity/Q1086904,Q1086904,Капитан Петко
http://www.wikidata.org/entity/Q1086910,Q1086910,Върбак
http://www.wikidata.org/entity/Q1086941,Q1086941,Воденичане
http://www.wikidata.org/entity/Q1087118,Q1087118,Красен Дол
http://www.wikidata.org/entity/Q1088071,Q1088071,Горна Биркова
http://www.wikidata.org/entity/Q1088468,Q1088468,Осеновец
http://www.wikidata.org/entity/Q2011077,Q2011077,Бащино
http://www.wikidata.org/entity/Q2011169,Q2011169,Асеновец
http://www.wikidata.org/entity/Q2011428,Q2011428,Бацова Махала
http://www.wikidata.org/entity/Q2011441,Q2011441,Батин
http://www.wikidata.org/entity/Q2011469,Q2011469,Баня
http://www.wikidata.org/entity/Q2011481,Q2011481,Бегово
http://www.wikidata.org/entity/Q2011491,Q2011491,Бабук
http://www.wikidata.org/entity/Q2011519,Q2011519,Априлово
http://www.wikidata.org/entity/Q2011727,Q2011727,Ахматово
http://www.wikidata.org/entity/Q2011983,Q2011983,Бели Бряг
http://www.wikidata.org/entity/Q2011996,Q2011996,Бальовци
http://www.wikidata.org/entity/Q2012018,Q2012018,Белица
http://www.wikidata.org/entity/Q2012069,Q2012069,Богданово
http://www.wikidata.org/entity/Q2012134,Q2012134,Бистренци
http://www.wikidata.org/entity/Q2012213,Q2012213,Богомилово
http://www.wikidata.org/entity/Q2012265,Q2012265,Биволаре
http://www.wikidata.org/entity/Q2012344,Q2012344,Борислав
http://www.wikidata.org/entity/Q2012373,Q2012373,Боров Дол
http://www.wikidata.org/entity/Q2012407,Q2012407,Боздуганово
http://www.wikidata.org/entity/Q2012413,Q2012413,Борисово
http://www.wikidata.org/entity/Q2012433,Q2012433,Беляново
http://www.wikidata.org/entity/Q2012456,Q2012456,Брадвари
http://www.wikidata.org/entity/Q2012475,Q2012475,Близнец
http://www.wikidata.org/entity/Q2013310,Q2013310,Вълчан Дол
http://www.wikidata.org/entity/Q2013335,Q2013335,Въргов Дол
http://www.wikidata.org/entity/Q2013343,Q2013343,Върбница
http://www.wikidata.org/entity/Q2013370,Q2013370,Върбица
http://www.wikidata.org/entity/Q2013386,Q2013386,Ветрен
http://www.wikidata.org/entity/Q2013409,Q2013409,Висока Поляна
http://www.wikidata.org/entity/Q2013454,Q2013454,Голямо Доляне
http://www.wikidata.org/entity/Q2013515,Q2013515,Горна Арда
http://www.wikidata.org/entity/Q2013527,Q2013527,Голяма Вода
http://www.wikidata.org/entity/Q2013544,Q2013544,Глуфишево
http://www.wikidata.org/entity/Q2013550,Q2013550,Гергевец
http://www.wikidata.org/entity/Q2013560,Q2013560,Голямо Чочовени
http://www.wikidata.org/entity/Q2013567,Q2013567,Голямо Враново
http://www.wikidata.org/entity/Q2013577,Q2013577,Горна Златица
http://www.wikidata.org/entity/Q2013586,Q2013586,Голям Поровец
http://www.wikidata.org/entity/Q2013598,Q2013598,Голямо Църквище
http://www.wikidata.org/entity/Q2013668,Q2013668,Горна Хубавка
http://www.wikidata.org/entity/Q2013746,Q2013746,Голямо Дряново
http://www.wikidata.org/entity/Q2013812,Q2013812,Горно Белево
http://www.wikidata.org/entity/Q2013865,Q2013865,Добрева Череша
http://www.wikidata.org/entity/Q2013994,Q2013994,Долна Златица
http://www.wikidata.org/entity/Q2014077,Q2014077,Долно Новково
http://www.wikidata.org/entity/Q2014092,Q2014092,Ельово
http://www.wikidata.org/entity/Q2014116,Q2014116,Долно Изворово
http://www.wikidata.org/entity/Q2014178,Q2014178,Долна Хубавка
http://www.wikidata.org/entity/Q2014196,Q2014196,Драгаш Войвода
http://www.wikidata.org/entity/Q2012502,Q2012502,Биково
http://www.wikidata.org/entity/Q2012543,Q2012543,Брестовица
http://www.wikidata.org/entity/Q2012564,Q2012564,Бракьовци
http://www.wikidata.org/entity/Q2012585,Q2012585,Ботров
http://www.wikidata.org/entity/Q2012592,Q2012592,Бърдо
http://www.wikidata.org/entity/Q2012606,Q2012606,Брястово
http://www.wikidata.org/entity/Q2012669,Q2012669,Бъдеще
http://www.wikidata.org/entity/Q2012768,Q2012768,Бресте
http://www.wikidata.org/entity/Q2012799,Q2012799,Бърдоква
http://www.wikidata.org/entity/Q2012817,Q2012817,Букоровци
http://www.wikidata.org/entity/Q2012884,Q2012884,Братя Кунчеви
http://www.wikidata.org/entity/Q2012908,Q2012908,Букова Поляна
http://www.wikidata.org/entity/Q2012972,Q2012972,Вельово
http://www.wikidata.org/entity/Q2013124,Q2013124,Воденичарово
http://www.wikidata.org/entity/Q2013197,Q2013197,Врани Кон
http://www.wikidata.org/entity/Q2013212,Q2013212,Видраре
http://www.wikidata.org/entity/Q2013272,Q2013272,Гайтанево
http://www.wikidata.org/entity/Q2014230,Q2014230,Горни Домлян
http://www.wikidata.org/entity/Q2014266,Q2014266,Долни Луковит
http://www.wikidata.org/entity/Q2014302,Q2014302,Горско Село
http://www.wikidata.org/entity/Q2014437,Q2014437,Долно Козарево
http://www.wikidata.org/entity/Q2014444,Q2014444,Екзарх Йосиф
http://www.wikidata.org/entity/Q2014489,Q2014489,Горно Абланово
http://www.wikidata.org/entity/Q2014507,Q2014507,Длъжка Поляна
http://www.wikidata.org/entity/Q2014633,Q2014633,Две Тополи
http://www.wikidata.org/entity/Q2014666,Q2014666,Долни Вит
http://www.wikidata.org/entity/Q2014700,Q2014700,Горно Козарево
http://www.wikidata.org/entity/Q2014722,Q2014722,Долна Студена
http://www.wikidata.org/entity/Q2014790,Q2014790,Долно Ново Село
http://www.wikidata.org/entity/Q2015170,Q2015170,Горно Ботево
http://www.wikidata.org/entity/Q2015182,Q2015182,Даскал-атанасово
http://www.wikidata.org/entity/Q2015205,Q2015205,Горно Новково
http://www.wikidata.org/entity/Q2015214,Q2015214,Желю Войвода
http://www.wikidata.org/entity/Q2015833,Q2015833,Крушев Дол
http://www.wikidata.org/entity/Q2015849,Q2015849,Козар Белене
http://www.wikidata.org/entity/Q2015990,Q2015990,Жълт Бряг
http://www.wikidata.org/entity/Q2016261,Q2016261,Исьовци
http://www.wikidata.org/entity/Q2016330,Q2016330,Жълт Камък
http://www.wikidata.org/entity/Q2016452,Q2016452,Злати Войвода
http://www.wikidata.org/entity/Q2016541,Q2016541,Кулина Вода
http://www.wikidata.org/entity/Q2016549,Q2016549,Иван Шишманово
http://www.wikidata.org/entity/Q2016770,Q2016770,Златовръх
http://www.wikidata.org/entity/Q2016815,Q2016815,Кара Михал
http://www.wikidata.org/entity/Q2016912,Q2016912,Зелена Морава
http://www.wikidata.org/entity/Q2017257,Q2017257,Кьолмен
http://www.wikidata.org/entity/Q2017308,Q2017308,Малко Крушево
http://www.wikidata.org/entity/Q2017345,Q2017345,Любенова Махала
http://www.wikidata.org/entity/Q2017420,Q2017420,Малки Искър
http://www.wikidata.org/entity/Q2017444,Q2017444,Малко Йонково
http://www.wikidata.org/entity/Q2017465,Q2017465,Лъвино
http://www.wikidata.org/entity/Q2017490,Q2017490,Малко Враново
http://www.wikidata.org/entity/Q2017496,Q2017496,Любичево
http://www.wikidata.org/entity/Q2017520,Q2017520,Малка Черковна
http://www.wikidata.org/entity/Q2017629,Q2017629,Малка Верея
http://www.wikidata.org/entity/Q2017637,Q2017637,Малко Кадиево
http://www.wikidata.org/entity/Q2017714,Q2017714,Мала Раковица
http://www.wikidata.org/entity/Q2017722,Q2017722,Малко Дряново
http://www.wikidata.org/entity/Q2017781,Q2017781,Лясково
http://www.wikidata.org/entity/Q2017835,Q2017835,Малко Тръново
http://www.wikidata.org/entity/Q2017844,Q2017844,Малко Чочовени
http://www.wikidata.org/entity/Q2017854,Q2017854,Мало Крушево
http://www.wikidata.org/entity/Q2017921,Q2017921,Малък Поровец
http://www.wikidata.org/entity/Q2017962,Q2017962,Манолово
http://www.wikidata.org/entity/Q2018064,Q2018064,Манаселска Река
http://www.wikidata.org/entity/Q2018077,Q2018077,Марино Поле
http://www.wikidata.org/entity/Q2018323,Q2018323,Медовене
http://www.wikidata.org/entity/Q2018408,Q2018408,Мечово
http://www.wikidata.org/entity/Q2018464,Q2018464,Малък Дол
http://www.wikidata.org/entity/Q2018563,Q2018563,Нови Извор
http://www.wikidata.org/entity/Q2018613,Q2018613,Полковник Чолаково
http://www.wikidata.org/entity/Q2018620,Q2018620,Плоска Могила
http://www.wikidata.org/entity/Q2018697,Q2018697,Остри Пазлак
http://www.wikidata.org/entity/Q2018851,Q2018851,Момино Село
http://www.wikidata.org/entity/Q2018859,Q2018859,Найден Герово
http://www.wikidata.org/entity/Q2018866,Q2018866,Панайот-волово
http://www.wikidata.org/entity/Q2018877,Q2018877,Подгорица
http://www.wikidata.org/entity/Q2019119,Q2019119,Нова Попина
http://www.wikidata.org/entity/Q2019169,Q2019169,Полско Пъдарево
http://www.wikidata.org/entity/Q2019174,Q2019174,Полско Косово
http://www.wikidata.org/entity/Q2019198,Q2019198,Орач
http://www.wikidata.org/entity/Q2019246,Q2019246,Полковник Таслаково
http://www.wikidata.org/entity/Q2019264,Q2019264,Полковник Ламбриново
http://www.wikidata.org/entity/Q2019331,Q2019331,Пет Кладенци
http://www.wikidata.org/entity/Q2019346,Q2019346,Осиковска Лакавица
http://www.wikidata.org/entity/Q2019444,Q2019444,Отец Кирилово
http://www.wikidata.org/entity/Q2019604,Q2019604,Остра Могила
http://www.wikidata.org/entity/Q2020814,Q2020814,Рибен Дол
http://www.wikidata.org/entity/Q2020834,Q2020834,Сини Вир
http://www.wikidata.org/entity/Q2020992,Q2020992,Сладък Кладенец
http://www.wikidata.org/entity/Q2021039,Q2021039,Стайчин Дол
http://www.wikidata.org/entity/Q2021094,Q2021094,Стоил Войвода
http://www.wikidata.org/entity/Q2021219,Q2021219,Средно Градище
http://www.wikidata.org/entity/Q2021225,Q2021225,Стара Речка
http://www.wikidata.org/entity/Q2021334,Q2021334,Стоян-заимово
http://www.wikidata.org/entity/Q2021413,Q2021413,Съдийско Поле
http://www.wikidata.org/entity/Q2021501,Q2021501,Стоян Михайловски
http://www.wikidata.org/entity/Q2019668,Q2019668,Нова Махала
http://www.wikidata.org/entity/Q2020069,Q2020069,Разделци
http://www.wikidata.org/entity/Q2020116,Q2020116,Професор Иширково
http://www.wikidata.org/entity/Q2020221,Q2020221,Равно Поле
http://www.wikidata.org/entity/Q2020262,Q2020262,Равно Нивище
http://www.wikidata.org/entity/Q2021548,Q2021548,Старо Селище
http://www.wikidata.org/entity/Q2021817,Q2021817,Тодор Икономово
http://www.wikidata.org/entity/Q2021871,Q2021871,Тополовец
http://www.wikidata.org/entity/Q2021918,Q2021918,Тънка Бара
http://www.wikidata.org/entity/Q2021985,Q2021985,Червена Вода
http://www.wikidata.org/entity/Q2022116,Q2022116,Цани Гинчево
http://www.wikidata.org/entity/Q2022177,Q2022177,Хан Аспарухово
http://www.wikidata.org/entity/Q2022204,Q2022204,Царев Дол
http://www.wikidata.org/entity/Q2022272,Q2022272,Черни Бряг
http://www.wikidata.org/entity/Q2022399,Q2022399,Яким Груево
http://www.wikidata.org/entity/Q2024498,Q2024498,Борово
http://www.wikidata.org/entity/Q2058371,Q2058371,Малка Арда
http://www.wikidata.org/entity/Q2058401,Q2058401,Бенковски
http://www.wikidata.org/entity/Q2058471,Q2058471,Гледачево
http://www.wikidata.org/entity/Q2457020,Q2457020,Долно Абланово
http://www.wikidata.org/entity/Q2457220,Q2457220,Големаново
http://www.wikidata.org/entity/Q2457375,Q2457375,Главаци
http://www.wikidata.org/entity/Q2457833,Q2457833,Извор Махала
http://www.wikidata.org/entity/Q2454079,Q2454079,Белащица
http://www.wikidata.org/entity/Q2454634,Q2454634,Белокопитово
http://www.wikidata.org/entity/Q2454645,Q2454645,Бозьова
http://www.wikidata.org/entity/Q2455647,Q2455647,Божурка
http://www.wikidata.org/entity/Q2455658,Q2455658,Баячево
http://www.wikidata.org/entity/Q2455712,Q2455712,Алваново
http://www.wikidata.org/entity/Q2455768,Q2455768,Голямо Ново
http://www.wikidata.org/entity/Q2455844,Q2455844,Голямо Соколово
http://www.wikidata.org/entity/Q2459882,Q2459882,Брест
http://www.wikidata.org/entity/Q2461538,Q2461538,Радко Димитриево
http://www.wikidata.org/entity/Q2461810,Q2461810,Синя Вода
http://www.wikidata.org/entity/Q2462560,Q2462560,Цар Шишманово
http://www.wikidata.org/entity/Q2462649,Q2462649,Цар-петрово
http://www.wikidata.org/entity/Q2480793,Q2480793,Бутан
http://www.wikidata.org/entity/Q3563482,Q3563482,Q3563482
http://www.wikidata.org/entity/Q3658266,Q3658266,Вълчовци
http://www.wikidata.org/entity/Q4071396,Q4071396,Аспарухово
http://www.wikidata.org/entity/Q4095459,Q4095459,Бояна
http://www.wikidata.org/entity/Q4096244,Q4096244,Брезово (Област Велико Търново)
http://www.wikidata.org/entity/Q4098610,Q4098610,Буковец (Област Враца)
http://www.wikidata.org/entity/Q4098629,Q4098629,Буково (Област Смолян)
http://www.wikidata.org/entity/Q4098711,Q4098711,Булаир
http://www.wikidata.org/entity/Q4100891,Q4100891,Бъзовец
http://www.wikidata.org/entity/Q4101082,Q4101082,Бързина
http://www.wikidata.org/entity/Q4101544,Q4101544,Бял Извор
http://www.wikidata.org/entity/Q4101545,Q4101545,Бял Кладенец
http://www.wikidata.org/entity/Q4101549,Q4101549,Бяла Вода
http://www.wikidata.org/entity/Q4101550,Q4101550,Бяла Река
http://www.wikidata.org/entity/Q4104187,Q4104187,Васил Левски (Област Силистра)
http://www.wikidata.org/entity/Q4104190,Q4104190,Васил Левски (Област Търговище)
http://www.wikidata.org/entity/Q4106374,Q4106374,Великденче
http://www.wikidata.org/entity/Q4106644,Q4106644,Великово
http://www.wikidata.org/entity/Q4106898,Q4106898,Величково
http://www.wikidata.org/entity/Q4106901,Q4106901,Величково
http://www.wikidata.org/entity/Q4106913,Q4106913,Велковци (Област Велико Търново)
http://www.wikidata.org/entity/Q4107128,Q4107128,Венелин
http://www.wikidata.org/entity/Q4107146,Q4107146,Венец (Област Стара Загора)
http://www.wikidata.org/entity/Q4109335,Q4109335,Веселец
http://www.wikidata.org/entity/Q4109336,Q4109336,Веселец (Област Търговище)
http://www.wikidata.org/entity/Q4109339,Q4109339,Веселина (Област Велико Търново)
http://www.wikidata.org/entity/Q4109345,Q4109345,Веселиново (Област Ямбол)
http://www.wikidata.org/entity/Q4111476,Q4111476,Винарово
http://www.wikidata.org/entity/Q4112182,Q4112182,Вискяр
http://www.wikidata.org/entity/Q4112222,Q4112222,Висок
http://www.wikidata.org/entity/Q4113020,Q4113020,Владимир
http://www.wikidata.org/entity/Q4113940,Q4113940,Воден
http://www.wikidata.org/entity/Q4113960,Q4113960,Водица
http://www.wikidata.org/entity/Q4113993,Q4113993,Водно
http://www.wikidata.org/entity/Q4113994,Q4113994,Водно (Област Силистра)
http://www.wikidata.org/entity/Q4114044,Q4114044,Воднянци
http://www.wikidata.org/entity/Q4122849,Q4122849,Вокил
http://www.wikidata.org/entity/Q4128506,Q4128506,Въбел
http://www.wikidata.org/entity/Q4128744,Q4128744,Въглен
http://www.wikidata.org/entity/Q4129124,Q4129124,Върба
http://www.wikidata.org/entity/Q4129125,Q4129125,Върба (Област Смолян)
http://www.wikidata.org/entity/Q4129136,Q4129136,Върбово (Област Смолян)
http://www.wikidata.org/entity/Q4129168,Q4129168,Върли Дол
http://www.wikidata.org/entity/Q4130959,Q4130959,Габрица
http://www.wikidata.org/entity/Q4133621,Q4133621,Гарван
http://www.wikidata.org/entity/Q4135252,Q4135252,Генерал Колево
http://www.wikidata.org/entity/Q4135257,Q4135257,Генерал Тошево
http://www.wikidata.org/entity/Q4139108,Q4139108,Главан
http://www.wikidata.org/entity/Q4139112,Q4139112,Главановци
http://www.wikidata.org/entity/Q4139562,Q4139562,Глашатай
http://www.wikidata.org/entity/Q4142867,Q4142867,Голям извор (Област Разград)
http://www.wikidata.org/entity/Q4143474,Q4143474,Горановци (Област Велико Търново)
http://www.wikidata.org/entity/Q4144813,Q4144813,Горово
http://www.wikidata.org/entity/Q4146413,Q4146413,Господиново (Област Силистра)
http://www.wikidata.org/entity/Q4147395,Q4147395,Градина
http://www.wikidata.org/entity/Q4147402,Q4147402,Градище
http://www.wikidata.org/entity/Q4147632,Q4147632,Грамаде
http://www.wikidata.org/entity/Q4153183,Q4153183,Гълъбово
http://www.wikidata.org/entity/Q4153613,Q4153613,Давидово
http://www.wikidata.org/entity/Q4156007,Q4156007,Дворище
http://www.wikidata.org/entity/Q4157244,Q4157244,Делчево
http://www.wikidata.org/entity/Q4160566,Q4160566,Джулюница
http://www.wikidata.org/entity/Q4160567,Q4160567,Джулюница (Област Русе)
http://www.wikidata.org/entity/Q4161745,Q4161745,Димовци
http://www.wikidata.org/entity/Q4161746,Q4161746,Димовци (Област Стара Загора)
http://www.wikidata.org/entity/Q4163418,Q4163418,Добревци (Област Велико Търново)
http://www.wikidata.org/entity/Q4163452,Q4163452,Добри Дол
http://www.wikidata.org/entity/Q4163793,Q4163793,Добротица (Област Търговище)
http://www.wikidata.org/entity/Q4164243,Q4164243,Дойранци
http://www.wikidata.org/entity/Q4164789,Q4164789,Долец
http://www.wikidata.org/entity/Q4164919,Q4164919,Долина
http://www.wikidata.org/entity/Q4167481,Q4167481,Драгановци (Област Велико Търново)
http://www.wikidata.org/entity/Q4167497,Q4167497,Драгневци (Област Велико Търново)
http://www.wikidata.org/entity/Q4167520,Q4167520,Драгомирово
http://www.wikidata.org/entity/Q4167689,Q4167689,Дрангово
http://www.wikidata.org/entity/Q4168974,Q4168974,Дръндар
http://www.wikidata.org/entity/Q4169003,Q4169003,Дряновец (Област Смолян)
http://www.wikidata.org/entity/Q4169004,Q4169004,Дряново (Област Пловдив)
http://www.wikidata.org/entity/Q4169006,Q4169006,Дряново
http://www.wikidata.org/entity/Q4170664,Q4170664,Дунавци (Област Велико Търново)
http://www.wikidata.org/entity/Q4170665,Q4170665,Дунавци (Област Стара Загора)
http://www.wikidata.org/entity/Q4171513,Q4171513,Дъбова
http://www.wikidata.org/entity/Q4171514,Q4171514,Дъбова (Област Смолян)
http://www.wikidata.org/entity/Q4171517,Q4171517,Дъбово
http://www.wikidata.org/entity/Q4171554,Q4171554,Дълго Поле
http://www.wikidata.org/entity/Q4171555,Q4171555,Дълго поле (Област Пловдив)
http://www.wikidata.org/entity/Q4175057,Q4175057,Еловица
http://www.wikidata.org/entity/Q4175146,Q4175146,Елхово
http://www.wikidata.org/entity/Q4179847,Q4179847,Живково
http://www.wikidata.org/entity/Q4183518,Q4183518,Загоре
http://www.wikidata.org/entity/Q4183623,Q4183623,Загорци
http://www.wikidata.org/entity/Q4183714,Q4183714,Загражден
http://www.wikidata.org/entity/Q4189431,Q4189431,Звездица
http://www.wikidata.org/entity/Q4189754,Q4189754,Звънец
http://www.wikidata.org/entity/Q4190020,Q4190020,Здравец
http://www.wikidata.org/entity/Q4190022,Q4190022,Здравец (Област Разград)
http://www.wikidata.org/entity/Q4191663,Q4191663,Зетьово
http://www.wikidata.org/entity/Q4192026,Q4192026,Зимница
http://www.wikidata.org/entity/Q4192370,Q4192370,Златина
http://www.wikidata.org/entity/Q4192797,Q4192797,Знаменосец
http://www.wikidata.org/entity/Q4196781,Q4196781,Ивановци (Област Велико Търново)
http://www.wikidata.org/entity/Q4197369,Q4197369,Иглика
http://www.wikidata.org/entity/Q4197511,Q4197511,Игнатовци (Област Велико Търново)
http://www.wikidata.org/entity/Q4198471,Q4198471,Изворово
http://www.wikidata.org/entity/Q4198473,Q4198473,Изворово
http://www.wikidata.org/entity/Q4198499,Q4198499,Изгрев (Област Сливен)
http://www.wikidata.org/entity/Q4198500,Q4198500,Изгрев
http://www.wikidata.org/entity/Q4198501,Q4198501,Изгрев (Област Смолян)
http://www.wikidata.org/entity/Q4203404,Q4203404,Ирник
http://www.wikidata.org/entity/Q4204011,Q4204011,Искър (Област Плевен)
http://www.wikidata.org/entity/Q4208298,Q4208298,Казимир
http://www.wikidata.org/entity/Q4209417,Q4209417,Калина
http://www.wikidata.org/entity/Q4210315,Q4210315,Калоян
http://www.wikidata.org/entity/Q4210823,Q4210823,Камен
http://www.wikidata.org/entity/Q4210826,Q4210826,Камен (Област Сливен)
http://www.wikidata.org/entity/Q4210860,Q4210860,Каменец
http://www.wikidata.org/entity/Q4210895,Q4210895,Каменица
http://www.wikidata.org/entity/Q4211311,Q4211311,Каменово (Област Сливен)
http://www.wikidata.org/entity/Q4213654,Q4213654,Каравелово
http://www.wikidata.org/entity/Q4219792,Q4219792,Кестен
http://www.wikidata.org/entity/Q4221444,Q4221444,Кирилово (Област Стара Загора)
http://www.wikidata.org/entity/Q4222458,Q4222458,Китен
http://www.wikidata.org/entity/Q4223675,Q4223675,Климент (Област Пловдив)
http://www.wikidata.org/entity/Q4224295,Q4224295,Клъшка Река
http://www.wikidata.org/entity/Q4225709,Q4225709,Ковач (Област Стара Загора)
http://www.wikidata.org/entity/Q4226230,Q4226230,Коевци
http://www.wikidata.org/entity/Q4226469,Q4226469,Козаревец
http://www.wikidata.org/entity/Q4226628,Q4226628,Козица
http://www.wikidata.org/entity/Q4227136,Q4227136,Козяк
http://www.wikidata.org/entity/Q4229233,Q4229233,Комарево (Област Варна)
http://www.wikidata.org/entity/Q4229235,Q4229235,Комарево (Област Враца)
http://www.wikidata.org/entity/Q4230368,Q4230368,Конаре
http://www.wikidata.org/entity/Q4230709,Q4230709,Конево
http://www.wikidata.org/entity/Q4231776,Q4231776,Конуш
http://www.wikidata.org/entity/Q4232121,Q4232121,Коньово
http://www.wikidata.org/entity/Q4237459,Q4237459,Крайна (Община Неделино)
http://www.wikidata.org/entity/Q4237460,Q4237460,Крайна
http://www.wikidata.org/entity/Q4237740,Q4237740,Красен
http://www.wikidata.org/entity/Q4240486,Q4240486,Крета
http://www.wikidata.org/entity/Q4240488,Q4240488,Крета (Област Плевен)
http://www.wikidata.org/entity/Q4242153,Q4242153,Крумово
http://www.wikidata.org/entity/Q4242155,Q4242155,Крумово (Област Ямбол)
http://www.wikidata.org/entity/Q4242605,Q4242605,Крушево
http://www.wikidata.org/entity/Q4242673,Q4242673,Крушовица (Област Плевен)
http://www.wikidata.org/entity/Q4242674,Q4242674,Крушовица
http://www.wikidata.org/entity/Q4247423,Q4247423,Купен
http://www.wikidata.org/entity/Q4250896,Q4250896,Къпиново
http://www.wikidata.org/entity/Q4256772,Q4256772,Левски
http://www.wikidata.org/entity/Q4259371,Q4259371,Леска
http://www.wikidata.org/entity/Q4262653,Q4262653,Липница
http://www.wikidata.org/entity/Q4263439,Q4263439,Листец
http://www.wikidata.org/entity/Q4264888,Q4264888,Ловец (Област Търговище)
http://www.wikidata.org/entity/Q4264889,Q4264889,Ловец (Област Шумен)
http://www.wikidata.org/entity/Q4265405,Q4265405,Лозен
http://www.wikidata.org/entity/Q4265465,Q4265465,Лозица
http://www.wikidata.org/entity/Q4270549,Q4270549,Лъка
http://www.wikidata.org/entity/Q4271425,Q4271425,Любен
http://www.wikidata.org/entity/Q4271434,Q4271434,Любеново
http://www.wikidata.org/entity/Q4271436,Q4271436,Любеново (Област Стара Загора)
http://www.wikidata.org/entity/Q4272204,Q4272204,Люлин (Област Ямбол)
http://www.wikidata.org/entity/Q4278358,Q4278358,Маломир (Област Шумен)
http://www.wikidata.org/entity/Q4278522,Q4278522,Малчовци (Област Велико Търново)
http://www.wikidata.org/entity/Q4280177,Q4280177,Манастир (Област Пловдив)
http://www.wikidata.org/entity/Q4282158,Q4282158,Марково
http://www.wikidata.org/entity/Q4282161,Q4282161,Марково (Област Шумен)
http://www.wikidata.org/entity/Q4285869,Q4285869,Маца
http://www.wikidata.org/entity/Q4291798,Q4291798,Метличина
http://www.wikidata.org/entity/Q4291916,Q4291916,Методиево (Област Шумен)
http://www.wikidata.org/entity/Q4293309,Q4293309,Миладиновци
http://www.wikidata.org/entity/Q4293312,Q4293312,Миладиновци (Област Ямбол)
http://www.wikidata.org/entity/Q4293324,Q4293324,Миланово
http://www.wikidata.org/entity/Q4295920,Q4295920,Мирово
http://www.wikidata.org/entity/Q4297679,Q4297679,Михайлово
http://www.wikidata.org/entity/Q4297931,Q4297931,Михалич
http://www.wikidata.org/entity/Q4299082,Q4299082,Могила (Област Ямбол)
http://www.wikidata.org/entity/Q4300058,Q4300058,Мокреш
http://www.wikidata.org/entity/Q4302299,Q4302299,Морава
http://www.wikidata.org/entity/Q4302307,Q4302307,Моравица
http://www.wikidata.org/entity/Q4305513,Q4305513,Мрамор (Област Перник)
http://www.wikidata.org/entity/Q4307931,Q4307931,Мургаш
http://www.wikidata.org/entity/Q4308339,Q4308339,Мусачево (Област Стара Загора)
http://www.wikidata.org/entity/Q4309288,Q4309288,Мъдрец
http://www.wikidata.org/entity/Q4314294,Q4314294,Наум
http://www.wikidata.org/entity/Q4316400,Q4316400,Нейково
http://www.wikidata.org/entity/Q4320405,Q4320405,Николаево
http://www.wikidata.org/entity/Q4320408,Q4320408,Николаево (Област Перник)
http://www.wikidata.org/entity/Q4320410,Q4320410,Николаево (Област Плевен)
http://www.wikidata.org/entity/Q4320411,Q4320411,Николаево (Област Сливен)
http://www.wikidata.org/entity/Q4320791,Q4320791,Николово
http://www.wikidata.org/entity/Q4320804,Q4320804,Николчовци (Област Велико Търново)
http://www.wikidata.org/entity/Q4329619,Q4329619,Оборище
http://www.wikidata.org/entity/Q4330661,Q4330661,Овен
http://www.wikidata.org/entity/Q4334529,Q4334529,Оман
http://www.wikidata.org/entity/Q4334552,Q4334552,Омарчево (Област Шумен)
http://www.wikidata.org/entity/Q4336374,Q4336374,Орешене
http://www.wikidata.org/entity/Q4336380,Q4336380,Орешец (Област Смолян)
http://www.wikidata.org/entity/Q4336838,Q4336838,Орлово
http://www.wikidata.org/entity/Q4337575,Q4337575,Оселна (Софийска област)
http://www.wikidata.org/entity/Q4337576,Q4337576,Оселна
http://www.wikidata.org/entity/Q4337586,Q4337586,Осен (Област Силистра)
http://www.wikidata.org/entity/Q4337588,Q4337588,Осен (Област Враца)
http://www.wikidata.org/entity/Q4338709,Q4338709,Острец
http://www.wikidata.org/entity/Q4338738,Q4338738,Острица
http://www.wikidata.org/entity/Q4338740,Q4338740,Острица (Област Смолян)
http://www.wikidata.org/entity/Q4342079,Q4342079,Падина
http://www.wikidata.org/entity/Q4342214,Q4342214,Паисий
http://www.wikidata.org/entity/Q4343840,Q4343840,Панайот Хитово
http://www.wikidata.org/entity/Q4347736,Q4347736,Певец
http://www.wikidata.org/entity/Q4349114,Q4349114,Първенец
http://www.wikidata.org/entity/Q4359778,Q4359778,Песнопой
http://www.wikidata.org/entity/Q4360138,Q4360138,Пет Могили
http://www.wikidata.org/entity/Q4360140,Q4360140,Пет Могили
http://www.wikidata.org/entity/Q4360889,Q4360889,Петров Дол
http://www.wikidata.org/entity/Q4360890,Q4360890,Петров дол (Област Смолян)
http://www.wikidata.org/entity/Q4361137,Q4361137,Петрово
http://www.wikidata.org/entity/Q4362234,Q4362234,Пещера (Област Смолян)
http://www.wikidata.org/entity/Q4363575,Q4363575,Писарево (Област Шумен)
http://www.wikidata.org/entity/Q4364454,Q4364454,Планинци (Област Смолян)
http://www.wikidata.org/entity/Q4366180,Q4366180,Победа (Област Ямбол)
http://www.wikidata.org/entity/Q4366263,Q4366263,Побит Камък
http://www.wikidata.org/entity/Q4368304,Q4368304,Подслон
http://www.wikidata.org/entity/Q4368627,Q4368627,Пожарево
http://www.wikidata.org/entity/Q4371457,Q4371457,Поляна (Област Смолян)
http://www.wikidata.org/entity/Q4371469,Q4371469,Поляна
http://www.wikidata.org/entity/Q4372806,Q4372806,Попово
http://www.wikidata.org/entity/Q4372857,Q4372857,Поповци (Област Велико Търново)
http://www.wikidata.org/entity/Q4372859,Q4372859,Поповци
http://www.wikidata.org/entity/Q4372895,Q4372895,Попска (Област Велико Търново)
http://www.wikidata.org/entity/Q4373088,Q4373088,Поройно
http://www.wikidata.org/entity/Q4373089,Q4373089,Поройно (Област Търговище)
http://www.wikidata.org/entity/Q4373590,Q4373590,Посев
http://www.wikidata.org/entity/Q4374899,Q4374899,Потоп
http://www.wikidata.org/entity/Q4375806,Q4375806,Правда
http://www.wikidata.org/entity/Q4375815,Q4375815,Правда (Област Силистра)
http://www.wikidata.org/entity/Q4377416,Q4377416,Пресиян
http://www.wikidata.org/entity/Q4379920,Q4379920,Продановци (Област Велико Търново)
http://www.wikidata.org/entity/Q4380589,Q4380589,Пролом
http://www.wikidata.org/entity/Q4382794,Q4382794,Пряпорец
http://www.wikidata.org/entity/Q4386926,Q4386926,Равна
http://www.wikidata.org/entity/Q4386930,Q4386930,Равна (Софийска област)
http://www.wikidata.org/entity/Q4386952,Q4386952,Равно Село
http://www.wikidata.org/entity/Q4387169,Q4387169,Радево
http://www.wikidata.org/entity/Q4387799,Q4387799,Радовци (Област Велико Търново)
http://www.wikidata.org/entity/Q4388380,Q4388380,Раздел (Област Силистра)
http://www.wikidata.org/entity/Q4389027,Q4389027,Райновци (Област Велико Търново)
http://www.wikidata.org/entity/Q4389371,Q4389371,Ракитница
http://www.wikidata.org/entity/Q4389375,Q4389375,Ракитница
http://www.wikidata.org/entity/Q4389577,Q4389577,Ралица (Област Търговище)
http://www.wikidata.org/entity/Q4391404,Q4391404,Раяновци
http://www.wikidata.org/entity/Q4391605,Q4391605,Ребро
http://www.wikidata.org/entity/Q4394296,Q4394296,Рибарица
http://www.wikidata.org/entity/Q4394318,Q4394318,Рибница
http://www.wikidata.org/entity/Q4395761,Q4395761,Родина
http://www.wikidata.org/entity/Q4396681,Q4396681,Розово (Област Пазарджик)
http://www.wikidata.org/entity/Q4397753,Q4397753,Росен
http://www.wikidata.org/entity/Q4397772,Q4397772,Росица (Област Търговище)
http://www.wikidata.org/entity/Q4399525,Q4399525,Рудник
http://www.wikidata.org/entity/Q4399794,Q4399794,Руен
http://www.wikidata.org/entity/Q4399827,Q4399827,Ружица (Област Ямбол)
http://www.wikidata.org/entity/Q4399828,Q4399828,Ружица
http://www.wikidata.org/entity/Q4400189,Q4400189,Рупци
http://www.wikidata.org/entity/Q4400190,Q4400190,Рупци (Област Плевен)
http://www.wikidata.org/entity/Q4403654,Q4403654,Сава
http://www.wikidata.org/entity/Q4403927,Q4403927,Савин
http://www.wikidata.org/entity/Q4410497,Q4410497,Светля
http://www.wikidata.org/entity/Q4411049,Q4411049,Свобода
http://www.wikidata.org/entity/Q4413959,Q4413959,Селце
http://www.wikidata.org/entity/Q4415020,Q4415020,Селянин
http://www.wikidata.org/entity/Q4416533,Q4416533,Септемврийци
http://www.wikidata.org/entity/Q4421985,Q4421985,Скобелево
http://www.wikidata.org/entity/Q4421989,Q4421989,Скобелево
http://www.wikidata.org/entity/Q4422856,Q4422856,Славейково
http://www.wikidata.org/entity/Q4422859,Q4422859,Славейково (Област Ямбол)
http://www.wikidata.org/entity/Q4423017,Q4423017,Славянин
http://www.wikidata.org/entity/Q4423205,Q4423205,Слатина
http://www.wikidata.org/entity/Q4423210,Q4423210,Слатино
http://www.wikidata.org/entity/Q4423421,Q4423421,Сливовица
http://www.wikidata.org/entity/Q4424518,Q4424518,Смилец
http://www.wikidata.org/entity/Q4430861,Q4430861,Спасово
http://www.wikidata.org/entity/Q4438464,Q4438464,Средец (Област Стара Загора)
http://www.wikidata.org/entity/Q4438661,Q4438661,Средно Село
http://www.wikidata.org/entity/Q4438662,Q4438662,Средно село (Област Велико Търново)
http://www.wikidata.org/entity/Q4438753,Q4438753,Средорек
http://www.wikidata.org/entity/Q4439306,Q4439306,Стамболово
http://www.wikidata.org/entity/Q4439307,Q4439307,Стамболово (Област Русе)
http://www.wikidata.org/entity/Q4439591,Q4439591,Станянци (Област Шумен)
http://www.wikidata.org/entity/Q4439593,Q4439593,Станьовци
http://www.wikidata.org/entity/Q4439596,Q4439596,Стара река (Област Ямбол)
http://www.wikidata.org/entity/Q4439599,Q4439599,Стара Река
http://www.wikidata.org/entity/Q4440034,Q4440034,Старо Село
http://www.wikidata.org/entity/Q4442417,Q4442417,Стефан Караджа
http://www.wikidata.org/entity/Q4442419,Q4442419,Стефан Караджа (Област Силистра)
http://www.wikidata.org/entity/Q4442890,Q4442890,Столетово
http://www.wikidata.org/entity/Q4442891,Q4442891,Столетово (Област Стара Загора)
http://www.wikidata.org/entity/Q4443254,Q4443254,Стояновци (Област Велико Търново)
http://www.wikidata.org/entity/Q4443288,Q4443288,Стража
http://www.wikidata.org/entity/Q4443297,Q4443297,Стражец
http://www.wikidata.org/entity/Q4443342,Q4443342,Странджа
http://www.wikidata.org/entity/Q4443539,Q4443539,Страшимир
http://www.wikidata.org/entity/Q4443609,Q4443609,Стрелец
http://www.wikidata.org/entity/Q4443611,Q4443611,Стрелец (Област Стара Загора)
http://www.wikidata.org/entity/Q4443726,Q4443726,Стрелци
http://www.wikidata.org/entity/Q4443727,Q4443727,Стрелци (Област Сливен)
http://www.wikidata.org/entity/Q4444397,Q4444397,Струпец
http://www.wikidata.org/entity/Q4444442,Q4444442,Стряма
http://www.wikidata.org/entity/Q4444467,Q4444467,Студена
http://www.wikidata.org/entity/Q4444498,Q4444498,Студеница
http://www.wikidata.org/entity/Q4446865,Q4446865,Суха Река
http://www.wikidata.org/entity/Q4447198,Q4447198,Суходол
http://www.wikidata.org/entity/Q4447884,Q4447884,Съединение (Област Търговище)
http://www.wikidata.org/entity/Q4448054,Q4448054,Сърнево
http://www.wikidata.org/entity/Q4448057,Q4448057,Сърнино
http://www.wikidata.org/entity/Q4452378,Q4452378,Татарево
http://www.wikidata.org/entity/Q4455472,Q4455472,Тервел
http://www.wikidata.org/entity/Q4458803,Q4458803,Тича
http://www.wikidata.org/entity/Q4459359,Q4459359,Тодоровци (Област Велико Търново)
http://www.wikidata.org/entity/Q4461644,Q4461644,Траве
http://www.wikidata.org/entity/Q4461799,Q4461799,Тракия
http://www.wikidata.org/entity/Q4462798,Q4462798,Три Могили
http://www.wikidata.org/entity/Q4464069,Q4464069,Трояново (Област Стара Загора)
http://www.wikidata.org/entity/Q4464658,Q4464658,Трънково (Област Ямбол)
http://www.wikidata.org/entity/Q4464659,Q4464659,Трънково
http://www.wikidata.org/entity/Q4467127,Q4467127,Търнава
http://www.wikidata.org/entity/Q4467139,Q4467139,Търновци
http://www.wikidata.org/entity/Q4480316,Q4480316,Фабрика
http://www.wikidata.org/entity/Q4494555,Q4494555,Хаджидимитрово (Област Стара Загора)
http://www.wikidata.org/entity/Q4500660,Q4500660,Храброво
http://www.wikidata.org/entity/Q4501485,Q4501485,Христовци (Област Велико Търново)
http://www.wikidata.org/entity/Q4502305,Q4502305,Хума
http://www.wikidata.org/entity/Q4502661,Q4502661,Хърсово (Област Шумен)
http://www.wikidata.org/entity/Q4503127,Q4503127,Цар Асен
http://www.wikidata.org/entity/Q4503128,Q4503128,Цар Асен (Област Търговище)
http://www.wikidata.org/entity/Q4503141,Q4503141,Царевец (Област Враца)
http://www.wikidata.org/entity/Q4503176,Q4503176,Царевци
http://www.wikidata.org/entity/Q4503489,Q4503489,Цветница
http://www.wikidata.org/entity/Q4506603,Q4506603,Чавдарци (Област Велико Търново)
http://www.wikidata.org/entity/Q4506744,Q4506744,Чайка
http://www.wikidata.org/entity/Q4511874,Q4511874,Чепино
http://www.wikidata.org/entity/Q4513203,Q4513203,Черковна
http://www.wikidata.org/entity/Q4513204,Q4513204,Черковна
http://www.wikidata.org/entity/Q4513205,Q4513205,Черковна
http://www.wikidata.org/entity/Q4513208,Q4513208,Черковна
http://www.wikidata.org/entity/Q4513276,Q4513276,Черна Вода
http://www.wikidata.org/entity/Q4513482,Q4513482,Черни Връх
http://www.wikidata.org/entity/Q4513962,Q4513962,Чернозем
http://www.wikidata.org/entity/Q4515414,Q4515414,Чешма
http://www.wikidata.org/entity/Q4517852,Q4517852,Чуковец
http://www.wikidata.org/entity/Q4524131,Q4524131,Шипковица
http://www.wikidata.org/entity/Q4538295,Q4538295,Янтра
http://www.wikidata.org/entity/Q4538529,Q4538529,Яребица
http://www.wikidata.org/entity/Q4539164,Q4539164,Ясен
http://www.wikidata.org/entity/Q4539210,Q4539210,Ясеново
http://www.wikidata.org/entity/Q6703011,Q6703011,Теменуга (Област Велико Търново)
http://www.wikidata.org/entity/Q7214973,Q7214973,Разделна
http://www.wikidata.org/entity/Q7223337,Q7223337,Мътеница
http://www.wikidata.org/entity/Q7224960,Q7224960,Мечка (Област Плевен)
http://www.wikidata.org/entity/Q7240051,Q7240051,Лик
http://www.wikidata.org/entity/Q7254699,Q7254699,Козаревец
http://www.wikidata.org/entity/Q7261122,Q7261122,Каленик
http://www.wikidata.org/entity/Q7264800,Q7264800,Иглика (Област Ямбол)
http://www.wikidata.org/entity/Q7272077,Q7272077,Завой
http://www.wikidata.org/entity/Q7279402,Q7279402,Добрич
http://www.wikidata.org/entity/Q7293934,Q7293934,Владислав
http://www.wikidata.org/entity/Q12074184,Q12074184,Илинден
http://www.wikidata.org/entity/Q12097397,Q12097397,Градът
http://www.wikidata.org/entity/Q12099731,Q12099731,Дебелец
http://www.wikidata.org/entity/Q12101892,Q12101892,Долна Василица
http://www.wikidata.org/entity/Q12133279,Q12133279,Нейкьовец
http://www.wikidata.org/entity/Q12140540,Q12140540,Първан
http://www.wikidata.org/entity/Q12140919,Q12140919,Q12140919
http://www.wikidata.org/entity/Q12143991,Q12143991,Преспа
http://www.wikidata.org/entity/Q12168477,Q12168477,Цепераните
http://www.wikidata.org/entity/Q12169851,Q12169851,Черковище
http://www.wikidata.org/entity/Q12275845,Q12275845,Върхари (Област Благоевград)
http://www.wikidata.org/entity/Q12294032,Q12294032,Сливово (област Смолян)
http://www.wikidata.org/entity/Q12295031,Q12295031,Станча (Област Габрово)
http://www.wikidata.org/entity/Q12297104,Q12297104,Тъмръш (село)
http://www.wikidata.org/entity/Q24574606,Q24574606,Долно Паничерево
http://www.wikidata.org/entity/Q30097479,Q30097479,Владовци
http://www.wikidata.org/entity/Q30097496,Q30097496,Власатили
http://www.wikidata.org/entity/Q30097499,Q30097499,Вълковци
http://www.wikidata.org/entity/Q30097502,Q30097502,Гайдари
http://www.wikidata.org/entity/Q30097532,Q30097532,Джуровци
http://www.wikidata.org/entity/Q30097554,Q30097554,Иринеци
http://www.wikidata.org/entity/Q30097558,Q30097558,Карандили
http://www.wikidata.org/entity/Q30097568,Q30097568,Нюшковци
http://www.wikidata.org/entity/Q30097570,Q30097570,Плъзище
http://www.wikidata.org/entity/Q30097572,Q30097572,Попови ливади
http://www.wikidata.org/entity/Q43847185,Q43847185,Брестовец
http://www.wikidata.org/entity/Q61021266,Q61021266,Q61021266
http://www.wikidata.org/entity/Q83272303,Q83272303,Бънзарето