http://www.wikidata.org/entity/Q1074924,Blaskovo,Блъсково
http://www.wikidata.org/entity/Q1075053,Arkovna,Арковна
http://www.wikidata.org/entity/Q1075170,Goren Chiflik,Горен Чифлик
http://www.wikidata.org/entity/Q1075301,Kamen Dyal,Камен Дял
http://www.wikidata.org/entity/Q1075360,Smirov Dol,Смиров Дол
http://www.wikidata.org/entity/Q1073421,Vidrar,Видрар
http://www.wikidata.org/entity/Q1073427,Milkyovtsi,Милкьовци
http://www.wikidata.org/entity/Q1073445,Banishte,Банище
http://www.wikidata.org/entity/Q1073531,Dolna Vrabcha,Долна Врабча
http://www.wikidata.org/entity/Q1073558,Dolni Romantsi,Долни Романци
http://www.wikidata.org/entity/Q1073625,Belanitsa,Беланица
http://www.wikidata.org/entity/Q1073669,Boboratsi,Бобораци
http://www.wikidata.org/entity/Q1074149,Dokyovtsi,Докьовци
http://www.wikidata.org/entity/Q1074194,Berende,Беренде
http://www.wikidata.org/entity/Q1074214,Gorna Vrabcha,Горна Врабча
http://www.wikidata.org/entity/Q1074247,Vidritsa,Видрица
http://www.wikidata.org/entity/Q1074288,Dolna Melna,Долна Мелна
http://www.wikidata.org/entity/Q1074322,Selishten Dol,Селищен Дол
http://www.wikidata.org/entity/Q1074336,Penkyovtsi,Пенкьовци
http://www.wikidata.org/entity/Q1074387,Gorni Romantsi,Горни Романци
http://www.wikidata.org/entity/Q1076284,Novo Oryahovo,Ново Оряхово
http://www.wikidata.org/entity/Q1076299,Dolna Lipnitsa,Долна Липница
http://www.wikidata.org/entity/Q1076305,Belyakovets,Беляковец
http://www.wikidata.org/entity/Q1076372,Nova Shipka,Нова Шипка
http://www.wikidata.org/entity/Q1076383,Debeli rat,Дебели рът
http://www.wikidata.org/entity/Q1076468,Gorni Tanchevtsi,Горни Танчевци
http://www.wikidata.org/entity/Q1076474,Gorsko Kalugerovo,Горско Калугерово
http://www.wikidata.org/entity/Q1076516,Tutrakantsi,Тутраканци
http://www.wikidata.org/entity/Q1076528,Boychevi kolibi,Бойчеви колиби
http://www.wikidata.org/entity/Q1076550,Balgarsko Slivovo,Българско Сливово
http://www.wikidata.org/entity/Q1076568,Blaskovtsi,Блъсковци
http://www.wikidata.org/entity/Q1076621,Bryagovitsa,Бряговица
http://www.wikidata.org/entity/Q1076660,Voynezha,Войнежа
http://www.wikidata.org/entity/Q1076677,Dolen Enevets,Долен Еневец
http://www.wikidata.org/entity/Q1076689,Gabrovtsi,Габровци
http://www.wikidata.org/entity/Q1076698,Sladka Voda,Сладка Вода
http://www.wikidata.org/entity/Q1076718,Radan Voyvoda,Радан Войвода
http://www.wikidata.org/entity/Q1076721,Delova mahala,Делова махала
http://www.wikidata.org/entity/Q1076804,Badevtsi,Бадевци
http://www.wikidata.org/entity/Q1076819,Asenovo,Асеново
http://www.wikidata.org/entity/Q1076835,Goren Enevets,Горен Еневец
http://www.wikidata.org/entity/Q1076954,Gorna Hadzhiyska,Горна Хаджийска
http://www.wikidata.org/entity/Q1076959,Ilakov Rat,Илаков Рът
http://www.wikidata.org/entity/Q1076965,Dalgi Pripek,Дълги Припек
http://www.wikidata.org/entity/Q1076988,Dolno Shivachevo,Долно Шивачево
http://www.wikidata.org/entity/Q1077009,Dolni Tanchevtsi,Долни Танчевци
http://www.wikidata.org/entity/Q1077091,Novo Gradishte,Ново Градище
http://www.wikidata.org/entity/Q1077136,Krasno Gradishte,Красно Градище
http://www.wikidata.org/entity/Q1077214,Dolni Maryan,Долни Марян
http://www.wikidata.org/entity/Q1077219,Kisyovtsi,Кисьовци
http://www.wikidata.org/entity/Q1077238,Dolni Damyanovtsi,Долни Дамяновци
http://www.wikidata.org/entity/Q1077342,Malki Chiflik,Малки Чифлик
http://www.wikidata.org/entity/Q1077441,Mishemorkov Han,Мишеморков Хан
http://www.wikidata.org/entity/Q1077522,Ovcha Mogila,Овча Могила
http://www.wikidata.org/entity/Q1077674,Cherni Dyal,Черни Дял
http://www.wikidata.org/entity/Q1077698,Rusalya,Русаля
http://www.wikidata.org/entity/Q1077820,General Marinovo,Генерал Мариново
http://www.wikidata.org/entity/Q1078388,Dolni Boshnyak,Долни Бошняк
http://www.wikidata.org/entity/Q1078451,Bela,Бела
http://www.wikidata.org/entity/Q1078481,Dinkovo,Динково
http://www.wikidata.org/entity/Q1078530,Brankovtsi,Бранковци
http://www.wikidata.org/entity/Q1078568,Botevo,Ботево
http://www.wikidata.org/entity/Q1078582,Tsarski Izvor,Царски Извор
http://www.wikidata.org/entity/Q1078593,Bela Rada,Бела Рада
http://www.wikidata.org/entity/Q1078687,Mali Drenovets,Мали Дреновец
http://www.wikidata.org/entity/Q1078692,Baurene,Баурене
http://www.wikidata.org/entity/Q1078706,Golyamo Peshtene,Голямо Пещене
http://www.wikidata.org/entity/Q1078751,Markovo Ravnishte,Марково Равнище
http://www.wikidata.org/entity/Q1078780,Cherno Pole,Черно Поле
http://www.wikidata.org/entity/Q1078798,Gorna Beshovitsa,Горна Бешовица
http://www.wikidata.org/entity/Q1078862,Mayor Uzunovo,Майор Узуново
http://www.wikidata.org/entity/Q1078954,Gorno Peshtene,Горно Пещене
http://www.wikidata.org/entity/Q1079016,Oslen Krivodol,Ослен Криводол
http://www.wikidata.org/entity/Q1079113,Beli Izvor,Бели Извор
http://www.wikidata.org/entity/Q1079177,Tsar Simeonovo,Цар Симеоново
http://www.wikidata.org/entity/Q1079236,Bodenets,Боденец
http://www.wikidata.org/entity/Q1079258,Tri Kladentsi,Три Кладенци
http://www.wikidata.org/entity/Q1079312,Sredni Rat,Средни Рът
http://www.wikidata.org/entity/Q1079503,Malo Peshtene,Мало Пещене
http://www.wikidata.org/entity/Q1079621,Galovo,Галово
http://www.wikidata.org/entity/Q1079677,Dolni Vadin,Долни Вадин
http://www.wikidata.org/entity/Q1085300,Dolna Dabeva,Долна Дъбева
http://www.wikidata.org/entity/Q1085447,Vidintsi,Видинци
http://www.wikidata.org/entity/Q1085625,Aleksandrovo,Александрово
http://www.wikidata.org/entity/Q1085686,Gorska Polyana,Горска Поляна
http://www.wikidata.org/entity/Q1085708,Palauzovo,Палаузово
http://www.wikidata.org/entity/Q1085733,Kostena Reka,Костена Река
http://www.wikidata.org/entity/Q1085758,Vasil Drumev,Васил Друмев
http://www.wikidata.org/entity/Q1085800,Zlatna Niva,Златна Нива
http://www.wikidata.org/entity/Q1085824,Aleksandrovo,Александрово
http://www.wikidata.org/entity/Q1085832,Zaychino Oreshe,Зайчино Ореше
http://www.wikidata.org/entity/Q1085856,Malko Sharkovo,Малко Шарково
http://www.wikidata.org/entity/Q1085925,Valcha Polyana,Вълча Поляна
http://www.wikidata.org/entity/Q1086029,Blagovo,Благово
http://www.wikidata.org/entity/Q1086131,Byal Bryag,Бял Бряг
http://www.wikidata.org/entity/Q1086181,Golyam Dervent,Голям Дервент
http://www.wikidata.org/entity/Q1086335,Voynika,Войника
http://www.wikidata.org/entity/Q1086360,Drentsi,Дренци
http://www.wikidata.org/entity/Q1086373,Konyovets,Коньовец
http://www.wikidata.org/entity/Q1086379,Zhrebino,Жребино
http://www.wikidata.org/entity/Q1086401,Nova Byala Reka,Нова Бяла Река
http://www.wikidata.org/entity/Q1086469,Golyamo Krushevo,Голямо Крушево
http://www.wikidata.org/entity/Q1086481,Mezhda,Межда
http://www.wikidata.org/entity/Q1086497,Dolno Varshilo,Долно Вършило
http://www.wikidata.org/entity/Q1086528,Gorna Dabeva,Горна Дъбева
http://www.wikidata.org/entity/Q1086539,Malak Manastir,Малък Манастир
http://www.wikidata.org/entity/Q1086567,Malko Kirilovo,Малко Кирилово
http://www.wikidata.org/entity/Q1086707,Dobri Voynikovo,Добри Войниково
http://www.wikidata.org/entity/Q1086804,Valchi Izvor,Вълчи Извор
http://www.wikidata.org/entity/Q1086845,Roza,Роза
http://www.wikidata.org/entity/Q1086873,Irechekovo,Иречеково
http://www.wikidata.org/entity/Q1086904,Kapitan Petko,Капитан Петко
http://www.wikidata.org/entity/Q1086910,Varbak,Върбак
http://www.wikidata.org/entity/Q1086941,Vodenichane,Воденичане
http://www.wikidata.org/entity/Q1087118,Krasen Dol,Красен Дол
http://www.wikidata.org/entity/Q1088071,Gorna Birkova,Горна Биркова
http://www.wikidata.org/entity/Q1088468,Osenovets,Осеновец
http://www.wikidata.org/entity/Q2011077,Bashtino,Бащино
http://www.wikidata.org/entity/Q2011169,Asenovets,Асеновец
http://www.wikidata.org/entity/Q2011428,Batsova Mahala,Бацова Махала
http://www.wikidata.org/entity/Q2011441,Batin,Батин
http://www.wikidata.org/entity/Q2011469,Banya,Баня
http://www.wikidata.org/entity/Q2011481,Begovo,Бегово
http://www.wikidata.org/entity/Q2011491,Babuk,Бабук
http://www.wikidata.org/entity/Q2011519,Aprilovo,Априлово
http://www.wikidata.org/entity/Q2011727,Ahmatovo,Ахматово
http://www.wikidata.org/entity/Q2011983,Beli Bryag,Бели Бряг
http://www.wikidata.org/entity/Q2011996,Balyovtsi,Бальовци
http://www.wikidata.org/entity/Q2012018,Belitsa,Белица
http://www.wikidata.org/entity/Q2012069,Bogdanovo,Богданово
http://www.wikidata.org/entity/Q2012134,Bistrentsi,Бистренци
http://www.wikidata.org/entity/Q2012213,Bogomilovo,Богомилово
http://www.wikidata.org/entity/Q2012265,Bivolare,Биволаре
http://www.wikidata.org/entity/Q2012344,Borislav,Борислав
http://www.wikidata.org/entity/Q2012373,Borov Dol,Боров Дол
http://www.wikidata.org/entity/Q2012407,Bozduganovo,Боздуганово
http://www.wikidata.org/entity/Q2012413,Borisovo,Борисово
http://www.wikidata.org/entity/Q2012433,Belyanovo,Беляново
http://www.wikidata.org/entity/Q2012456,Bradvari,Брадвари
http://www.wikidata.org/entity/Q2012475,Bliznets,Близнец
http://www.wikidata.org/entity/Q2013310,Valchan Dol,Вълчан Дол
http://www.wikidata.org/entity/Q2013335,Vargov Dol,Въргов Дол
http://www.wikidata.org/entity/Q2013343,Varbnitsa,Върбница
http://www.wikidata.org/entity/Q2013370,Varbitsa,Върбица
http://www.wikidata.org/entity/Q2013386,Vetren,Ветрен
http://www.wikidata.org/entity/Q2013409,Visoka Polyana,Висока Поляна
http://www.wikidata.org/entity/Q2013454,Golyamo Dolyane,Голямо Доляне
http://www.wikidata.org/entity/Q2013515,Gorna Arda,Горна Арда
http://www.wikidata.org/entity/Q2013527,Golyama Voda,Голяма Вода
http://www.wikidata.org/entity/Q2013544,Glufishevo,Глуфишево
http://www.wikidata.org/entity/Q2013550,Gergevets,Гергевец
http://www.wikidata.org/entity/Q2013560,Golyamo Chochoveni,Голямо Чочовени
http://www.wikidata.org/entity/Q2013567,Golyamo Vranovo,Голямо Враново
http://www.wikidata.org/entity/Q2013577,Gorna Zlatitsa,Горна Златица
http://www.wikidata.org/entity/Q2013586,Golyam Porovets,Голям Поровец
http://www.wikidata.org/entity/Q2013598,Golyamo Tsarkvishte,Голямо Църквище
http://www.wikidata.org/entity/Q2013668,Gorna Hubavka,Горна Хубавка
http://www.wikidata.org/entity/Q2013746,Golyamo Dryanovo,Голямо Дряново
http://www.wikidata.org/entity/Q2013812,Gorno Belevo,Горно Белево
http://www.wikidata.org/entity/Q2013865,Dobreva Cheresha,Добрева Череша
http://www.wikidata.org/entity/Q2013994,Dolna Zlatitsa,Долна Златица
http://www.wikidata.org/entity/Q2014077,Dolno Novkovo,Долно Новково
http://www.wikidata.org/entity/Q2014092,Elyovo,Ельово
http://www.wikidata.org/entity/Q2014116,Dolno Izvorovo,Долно Изворово
http://www.wikidata.org/entity/Q2014178,Dolna Hubavka,Долна Хубавка
http://www.wikidata.org/entity/Q2014196,Dragash Voyvoda,Драгаш Войвода
http://www.wikidata.org/entity/Q2012502,Bikovo,Биково
http://www.wikidata.org/entity/Q2012543,Brestovitsa,Брестовица
http://www.wikidata.org/entity/Q2012564,Brakyovtsi,Бракьовци
http://www.wikidata.org/entity/Q2012585,Botrov,Ботров
http://www.wikidata.org/entity/Q2012592,Bardo,Бърдо
http://www.wikidata.org/entity/Q2012606,Bryastovo,Брястово
http://www.wikidata.org/entity/Q2012669,Badeshte,Бъдеще
http://www.wikidata.org/entity/Q2012768,Breste,Бресте
http://www.wikidata.org/entity/Q2012799,Bardokva,Бърдоква
http://www.wikidata.org/entity/Q2012817,Bukorovtsi,Букоровци
http://www.wikidata.org/entity/Q2012884,Bratya Kunchevi,Братя Кунчеви
http://www.wikidata.org/entity/Q2012908,Bukova Polyana,Букова Поляна
http://www.wikidata.org/entity/Q2012972,Velyovo,Вельово
http://www.wikidata.org/entity/Q2013124,Vodenicharovo,Воденичарово
http://www.wikidata.org/entity/Q2013197,Vrani Kon,Врани Кон
http://www.wikidata.org/entity/Q2013212,Vidrare,Видраре
http://www.wikidata.org/entity/Q2013272,Gaytanevo,Гайтанево
http://www.wikidata.org/entity/Q2014230,Gorni Domlyan,Горни Домлян
http://www.wikidata.org/entity/Q2014266,Dolni Lukovit,Долни Луковит
http://www.wikidata.org/entity/Q2014302,Gorsko Selo,Горско Село
http://www.wikidata.org/entity/Q2014437,Dolno Kozarevo,Долно Козарево
http://www.wikidata.org/entity/Q2014444,Ekzarh Yosif,Екзарх Йосиф
http://www.wikidata.org/entity/Q2014489,Gorno Ablanovo,Горно Абланово
http://www.wikidata.org/entity/Q2014507,Dlazhka Polyana,Длъжка Поляна
http://www.wikidata.org/entity/Q2014633,Dve Topoli,Две Тополи
http://www.wikidata.org/entity/Q2014666,Dolni Vit,Долни Вит
http://www.wikidata.org/entity/Q2014700,Gorno Kozarevo,Горно Козарево
http://www.wikidata.org/entity/Q2014722,Dolna Studena,Долна Студена
http://www.wikidata.org/entity/Q2014790,Dolno Novo Selo,Долно Ново Село
http://www.wikidata.org/entity/Q2015170,Gorno Botevo,Горно Ботево
http://www.wikidata.org/entity/Q2015182,Daskal-atanasovo,Даскал-атанасово
http://www.wikidata.org/entity/Q2015205,Gorno Novkovo,Горно Новково
http://www.wikidata.org/entity/Q2015214,Zhelyu Voyvoda,Желю Войвода
http://www.wikidata.org/entity/Q2015833,Krushev Dol,Крушев Дол
http://www.wikidata.org/entity/Q2015849,Kozar Belenea,Козар Белене
http://www.wikidata.org/entity/Q2015990,Zhalt Bryag,Жълт Бряг
http://www.wikidata.org/entity/Q2016261,Isyovtsi,Исьовци
http://www.wikidata.org/entity/Q2016330,Zhalt Kamak,Жълт Камък
http://www.wikidata.org/entity/Q2016452,Zlati Voyvoda,Злати Войвода
http://www.wikidata.org/entity/Q2016541,Kulina Voda,Кулина Вода
http://www.wikidata.org/entity/Q2016549,Ivan Shishmanovo,Иван Шишманово
http://www.wikidata.org/entity/Q2016770,Zlatovrah,Златовръх
http://www.wikidata.org/entity/Q2016815,Kara Mihal,Кара Михал
http://www.wikidata.org/entity/Q2016912,Zelena Morava,Зелена Морава
http://www.wikidata.org/entity/Q2017257,Kyolmen,Кьолмен
http://www.wikidata.org/entity/Q2017308,Malko Krushevo,Малко Крушево
http://www.wikidata.org/entity/Q2017345,Lyubenova Mahala,Любенова Махала
http://www.wikidata.org/entity/Q2017420,Malki Iskar,Малки Искър
http://www.wikidata.org/entity/Q2017444,Malko Yonkovo,Малко Йонково
http://www.wikidata.org/entity/Q2017465,Lavino,Лъвино
http://www.wikidata.org/entity/Q2017490,Malko Vranovo,Малко Враново
http://www.wikidata.org/entity/Q2017496,Lyubichevo,Любичево
http://www.wikidata.org/entity/Q2017520,Malka Cherkovna,Малка Черковна
http://www.wikidata.org/entity/Q2017629,Malka Vereya,Малка Верея
http://www.wikidata.org/entity/Q2017637,Malko Kadievo,Малко Кадиево
http://www.wikidata.org/entity/Q2017714,Mala Rakovitsa,Мала Раковица
http://www.wikidata.org/entity/Q2017722,Malko Dryanovo,Малко Дряново
http://www.wikidata.org/entity/Q2017781,Lyaskovo,Лясково
http://www.wikidata.org/entity/Q2017835,Malko Tranovo,Малко Тръново
http://www.wikidata.org/entity/Q2017844,Malko Chochoveni,Малко Чочовени
http://www.wikidata.org/entity/Q2017854,Malo Krushevo,Мало Крушево
http://www.wikidata.org/entity/Q2017921,Malak Porovets,Малък Поровец
http://www.wikidata.org/entity/Q2017962,Manolovo,Манолово
http://www.wikidata.org/entity/Q2018064,Manaselska Reka,Манаселска Река
http://www.wikidata.org/entity/Q2018077,Marino Pole,Марино Поле
http://www.wikidata.org/entity/Q2018323,Medovene,Медовене
http://www.wikidata.org/entity/Q2018408,Mechovo,Мечово
http://www.wikidata.org/entity/Q2018464,Malak Dol,Малък Дол
http://www.wikidata.org/entity/Q2018563,Novi Izvor,Нови Извор
http://www.wikidata.org/entity/Q2018613,Polkovnik Cholakovo,Полковник Чолаково
http://www.wikidata.org/entity/Q2018620,Ploska Mogila,Плоска Могила
http://www.wikidata.org/entity/Q2018697,Ostri Pazlak,Остри Пазлак
http://www.wikidata.org/entity/Q2018851,Momino Selo,Момино Село
http://www.wikidata.org/entity/Q2018859,Nayden Gerovo,Найден Герово
http://www.wikidata.org/entity/Q2018866,Panayot-volovo,Панайот-волово
http://www.wikidata.org/entity/Q2018877,Podgoritsa,Подгорица
http://www.wikidata.org/entity/Q2019119,Nova Popina,Нова Попина
http://www.wikidata.org/entity/Q2019169,Polsko Padarevo,Полско Пъдарево
http://www.wikidata.org/entity/Q2019174,Polsko Kosovo,Полско Косово
http://www.wikidata.org/entity/Q2019198,Orach,Орач
http://www.wikidata.org/entity/Q2019246,Polkovnik Taslakovo,Полковник Таслаково
http://www.wikidata.org/entity/Q2019264,Polkovnik Lambrinovo,Полковник Ламбриново
http://www.wikidata.org/entity/Q2019331,Pet Kladentsi,Пет Кладенци
http://www.wikidata.org/entity/Q2019346,Osikovska Lakavitsa,Осиковска Лакавица
http://www.wikidata.org/entity/Q2019444,Otets Kirilovo,Отец Кирилово
http://www.wikidata.org/entity/Q2019604,Ostra Mogila,Остра Могила
http://www.wikidata.org/entity/Q2020814,Riben Dol,Рибен Дол
http://www.wikidata.org/entity/Q2020834,Sini Vir,Сини Вир
http://www.wikidata.org/entity/Q2020992,Sladak Kladenets,Сладък Кладенец
http://www.wikidata.org/entity/Q2021039,Staychin Dol,Стайчин Дол
http://www.wikidata.org/entity/Q2021094,Stoil Voyvoda,Стоил Войвода
http://www.wikidata.org/entity/Q2021219,Sredno Gradishte,Средно Градище
http://www.wikidata.org/entity/Q2021225,Stara Rechka,Стара Речка
http://www.wikidata.org/entity/Q2021334,Stoyan-zaimovo,Стоян-заимово
http://www.wikidata.org/entity/Q2021413,Sadiysko Pole,Съдийско Поле
http://www.wikidata.org/entity/Q2021501,Stoyan Mihaylovski,Стоян Михайловски
http://www.wikidata.org/entity/Q2019668,Nova Mahala,Нова Махала
http://www.wikidata.org/entity/Q2020069,Razdeltsi,Разделци
http://www.wikidata.org/entity/Q2020116,Profesor Ishirkovo,Професор Иширково
http://www.wikidata.org/entity/Q2020221,Ravno Pole,Равно Поле
http://www.wikidata.org/entity/Q2020262,Ravno Nivishte,Равно Нивище
http://www.wikidata.org/entity/Q2021548,Staro Selishte,Старо Селище
http://www.wikidata.org/entity/Q2021817,Todor Ikonomovo,Тодор Икономово
http://www.wikidata.org/entity/Q2021871,Topolovets,Тополовец
http://www.wikidata.org/entity/Q2021918,Tanka Bara,Тънка Бара
http://www.wikidata.org/entity/Q2021985,Chervena Voda,Червена Вода
http://www.wikidata.org/entity/Q2022116,Tsani Ginchevo,Цани Гинчево
http://www.wikidata.org/entity/Q2022177,Han Asparuhovo,Хан Аспарухово
http://www.wikidata.org/entity/Q2022204,Tsarev Dol,Царев Дол
http://www.wikidata.org/entity/Q2022272,Cherni Bryag,Черни Бряг
http://www.wikidata.org/entity/Q2022399,Yakim Gruevo,Яким Груево
http://www.wikidata.org/entity/Q2024498,Borovo,Борово
http://www.wikidata.org/entity/Q2058371,Malka Arda,Малка Арда
http://www.wikidata.org/entity/Q2058401,Benkovski,Бенковски
http://www.wikidata.org/entity/Q2058471,Gledachevo,Гледачево
http://www.wikidata.org/entity/Q2457020,Dolno Ablanovo,Долно Абланово
http://www.wikidata.org/entity/Q2457220,Golemanovo,Големаново
http://www.wikidata.org/entity/Q2457375,Glavatsi,Главаци
http://www.wikidata.org/entity/Q2457833,Izvor Mahala,Извор Махала
http://www.wikidata.org/entity/Q2454079,Belashtitsa,Белащица
http://www.wikidata.org/entity/Q2454634,Belokopitovo,Белокопитово
http://www.wikidata.org/entity/Q2454645,Bozyova,Бозьова
http://www.wikidata.org/entity/Q2455647,Bozhurka,Божурка
http://www.wikidata.org/entity/Q2455658,Bayachevo,Баячево
http://www.wikidata.org/entity/Q2455712,Alvanovo,Алваново
http://www.wikidata.org/entity/Q2455768,Golyamo Novo,Голямо Ново
http://www.wikidata.org/entity/Q2455844,Golyamo Sokolovo,Голямо Соколово
http://www.wikidata.org/entity/Q2459882,Brest,Брест
http://www.wikidata.org/entity/Q2461538,Radko Dimitrievo,Радко Димитриево
http://www.wikidata.org/entity/Q2461810,Sinya Voda,Синя Вода
http://www.wikidata.org/entity/Q2462560,Tsar Shishmanovo,Цар Шишманово
http://www.wikidata.org/entity/Q2462649,Tsar-petrovo,Цар-петрово
http://www.wikidata.org/entity/Q2480793,Butan,Бутан
http://www.wikidata.org/entity/Q3563482,Q3563482,Q3563482
http://www.wikidata.org/entity/Q3658266,Valchovtsi,Вълчовци
http://www.wikidata.org/entity/Q4071396,Asparuhovo,Аспарухово
http://www.wikidata.org/entity/Q4095459,Boyana,Бояна
http://www.wikidata.org/entity/Q4096244,Brezovo (Oblast Veliko Tarnovo),Брезово (Област Велико Търново)
http://www.wikidata.org/entity/Q4098610,Bukovets (Oblast Vratsa),Буковец (Област Враца)
http://www.wikidata.org/entity/Q4098629,Bukovo (Oblast Smolyan),Буково (Област Смолян)
http://www.wikidata.org/entity/Q4098711,Bulair,Булаир
http://www.wikidata.org/entity/Q4100891,Bazovets,Бъзовец
http://www.wikidata.org/entity/Q4101082,Barzina,Бързина
http://www.wikidata.org/entity/Q4101544,Byal Izvor,Бял Извор
http://www.wikidata.org/entity/Q4101545,Byal Kladenets,Бял Кладенец
http://www.wikidata.org/entity/Q4101549,Byala Voda,Бяла Вода
http://www.wikidata.org/entity/Q4101550,Byala Reka,Бяла Река
http://www.wikidata.org/entity/Q4104187,Vasil Levski (Oblast Silistra),Васил Левски (Област Силистра)
http://www.wikidata.org/entity/Q4104190,Vasil Levski (Oblast Targovishte),Васил Левски (Област Търговище)
http://www.wikidata.org/entity/Q4106374,Velikdenche,Великденче
http://www.wikidata.org/entity/Q4106644,Velikovo,Великово
http://www.wikidata.org/entity/Q4106898,Velichkovo,Величково
http://www.wikidata.org/entity/Q4106901,Velichkovo,Величково
http://www.wikidata.org/entity/Q4106913,Velkovtsi (Oblast Veliko Tarnovo),Велковци (Област Велико Търново)
http://www.wikidata.org/entity/Q4107128,Venelin,Венелин
http://www.wikidata.org/entity/Q4107146,Venets (Oblast Stara Zagora),Венец (Област Стара Загора)
http://www.wikidata.org/entity/Q4109335,Veselets,Веселец
http://www.wikidata.org/entity/Q4109336,Veselets (Oblast Targovishte),Веселец (Област Търговище)
http://www.wikidata.org/entity/Q4109339,Veselina (Oblast Veliko Tarnovo),Веселина (Област Велико Търново)
http://www.wikidata.org/entity/Q4109345,Veselinovo (Oblast Yambol),Веселиново (Област Ямбол)
http://www.wikidata.org/entity/Q4111476,Vinarovo,Винарово
http://www.wikidata.org/entity/Q4112182,Viskyar,Вискяр
http://www.wikidata.org/entity/Q4112222,Visok,Висок
http://www.wikidata.org/entity/Q4113020,Vladimir,Владимир
http://www.wikidata.org/entity/Q4113940,Voden,Воден
http://www.wikidata.org/entity/Q4113960,Voditsa,Водица
http://www.wikidata.org/entity/Q4113993,Vodno,Водно
http://www.wikidata.org/entity/Q4113994,Vodno (Oblast Silistra),Водно (Област Силистра)
http://www.wikidata.org/entity/Q4114044,Vodnyantsi,Воднянци
http://www.wikidata.org/entity/Q4122849,Vokil,Вокил
http://www.wikidata.org/entity/Q4128506,Vabel,Въбел
http://www.wikidata.org/entity/Q4128744,Vaglen,Въглен
http://www.wikidata.org/entity/Q4129124,Varba,Върба
http://www.wikidata.org/entity/Q4129125,Varba (Oblast Smolyan),Върба (Област Смолян)
http://www.wikidata.org/entity/Q4129136,Varbovo (Oblast Smolyan),Върбово (Област Смолян)
http://www.wikidata.org/entity/Q4129168,Varli Dol,Върли Дол
http://www.wikidata.org/entity/Q4130959,Gabritsa,Габрица
http://www.wikidata.org/entity/Q4133621,Garvan,Гарван
http://www.wikidata.org/entity/Q4135252,General Kolevo,Генерал Колево
http://www.wikidata.org/entity/Q4135257,General Toshevo,Генерал Тошево
http://www.wikidata.org/entity/Q4139108,Glavan,Главан
http://www.wikidata.org/entity/Q4139112,Glavanovtsi,Главановци
http://www.wikidata.org/entity/Q4139562,Glashatay,Глашатай
http://www.wikidata.org/entity/Q4142867,Golyam izvor (Oblast Razgrad),Голям извор (Област Разград)
http://www.wikidata.org/entity/Q4143474,Goranovtsi (Oblast Veliko Tarnovo),Горановци (Област Велико Търново)
http://www.wikidata.org/entity/Q4144813,Gorovo,Горово
http://www.wikidata.org/entity/Q4146413,Gospodinovo (Oblast Silistra),Господиново (Област Силистра)
http://www.wikidata.org/entity/Q4147395,Gradina,Градина
http://www.wikidata.org/entity/Q4147402,Gradishte,Градище
http://www.wikidata.org/entity/Q4147632,Gramade,Грамаде
http://www.wikidata.org/entity/Q4153183,Galabovo,Гълъбово
http://www.wikidata.org/entity/Q4153613,Davidovo,Давидово
http://www.wikidata.org/entity/Q4156007,Dvorishte,Дворище
http://www.wikidata.org/entity/Q4157244,Delchevo,Делчево
http://www.wikidata.org/entity/Q4160566,Dzhulyunitsa,Джулюница
http://www.wikidata.org/entity/Q4160567,Dzhulyunitsa (Oblast Ruse),Джулюница (Област Русе)
http://www.wikidata.org/entity/Q4161745,Dimovtsi,Димовци
http://www.wikidata.org/entity/Q4161746,Dimovtsi (Oblast Stara Zagora),Димовци (Област Стара Загора)
http://www.wikidata.org/entity/Q4163418,Dobrevtsi (Oblast Veliko Tarnovo),Добревци (Област Велико Търново)
http://www.wikidata.org/entity/Q4163452,Dobri Dol,Добри Дол
http://www.wikidata.org/entity/Q4163793,Dobrotitsa (Oblast Targovishte),Добротица (Област Търговище)
http://www.wikidata.org/entity/Q4164243,Doyrantsi,Дойранци
http://www.wikidata.org/entity/Q4164789,Dolets,Долец
http://www.wikidata.org/entity/Q4164919,Dolina,Долина
http://www.wikidata.org/entity/Q4167481,Draganovtsi (Oblast Veliko Tarnovo),Драгановци (Област Велико Търново)
http://www.wikidata.org/entity/Q4167497,Dragnevtsi (Oblast Veliko Tarnovo),Драгневци (Област Велико Търново)
http://www.wikidata.org/entity/Q4167520,Dragomirovo,Драгомирово
http://www.wikidata.org/entity/Q4167689,Drangovo,Дрангово
http://www.wikidata.org/entity/Q4168974,Drandar,Дръндар
http://www.wikidata.org/entity/Q4169003,Dryanovets (Oblast Smolyan),Дряновец (Област Смолян)
http://www.wikidata.org/entity/Q4169004,Dryanovo (Oblast Plovdiv),Дряново (Област Пловдив)
http://www.wikidata.org/entity/Q4169006,Dryanovo,Дряново
http://www.wikidata.org/entity/Q4170664,Dunavtsi (Oblast Veliko Tarnovo),Дунавци (Област Велико Търново)
http://www.wikidata.org/entity/Q4170665,Dunavtsi (Oblast Stara Zagora),Дунавци (Област Стара Загора)
http://www.wikidata.org/entity/Q4171513,Dabova,Дъбова
http://www.wikidata.org/entity/Q4171514,Dabova (Oblast Smolyan),Дъбова (Област Смолян)
http://www.wikidata.org/entity/Q4171517,Dabovo,Дъбово
http://www.wikidata.org/entity/Q4171554,Dalgo Pole,Дълго Поле
http://www.wikidata.org/entity/Q4171555,Dalgo pole (Oblast Plovdiv),Дълго поле (Област Пловдив)
http://www.wikidata.org/entity/Q4175057,Elovitsa,Еловица
http://www.wikidata.org/entity/Q4175146,Elhovo,Елхово
http://www.wikidata.org/entity/Q4179847,Zhivkovo,Живково
http://www.wikidata.org/entity/Q4183518,Zagore,Загоре
http://www.wikidata.org/entity/Q4183623,Zagortsi,Загорци
http://www.wikidata.org/entity/Q4183714,Zagrazhden,Загражден
http://www.wikidata.org/entity/Q4189431,Zvezditsa,Звездица
http://www.wikidata.org/entity/Q4189754,Zvanets,Звънец
http://www.wikidata.org/entity/Q4190020,Zdravets,Здравец
http://www.wikidata.org/entity/Q4190022,Zdravets (Oblast Razgrad),Здравец (Област Разград)
http://www.wikidata.org/entity/Q4191663,Zetyovo,Зетьово
http://www.wikidata.org/entity/Q4192026,Zimnitsa,Зимница
http://www.wikidata.org/entity/Q4192370,Zlatina,Златина
http://www.wikidata.org/entity/Q4192797,Znamenosets,Знаменосец
http://www.wikidata.org/entity/Q4196781,Ivanovtsi (Oblast Veliko Tarnovo),Ивановци (Област Велико Търново)
http://www.wikidata.org/entity/Q4197369,Iglika,Иглика
http://www.wikidata.org/entity/Q4197511,Ignatovtsi (Oblast Veliko Tarnovo),Игнатовци (Област Велико Търново)
http://www.wikidata.org/entity/Q4198471,Izvorovo,Изворово
http://www.wikidata.org/entity/Q4198473,Izvorovo,Изворово
http://www.wikidata.org/entity/Q4198499,Izgrev (Oblast Sliven),Изгрев (Област Сливен)
http://www.wikidata.org/entity/Q4198500,Izgrev,Изгрев
http://www.wikidata.org/entity/Q4198501,Izgrev (Oblast Smolyan),Изгрев (Област Смолян)
http://www.wikidata.org/entity/Q4203404,Irnik,Ирник
http://www.wikidata.org/entity/Q4204011,Iskar (Oblast Pleven),Искър (Област Плевен)
http://www.wikidata.org/entity/Q4208298,Kazimir,Казимир
http://www.wikidata.org/entity/Q4209417,Kalina,Калина
http://www.wikidata.org/entity/Q4210315,Kaloyan,Калоян
http://www.wikidata.org/entity/Q4210823,Kamen,Камен
http://www.wikidata.org/entity/Q4210826,Kamen (Oblast Sliven),Камен (Област Сливен)
http://www.wikidata.org/entity/Q4210860,Kamenets,Каменец
http://www.wikidata.org/entity/Q4210895,Kamenitsa,Каменица
http://www.wikidata.org/entity/Q4211311,Kamenovo (Oblast Sliven),Каменово (Област Сливен)
http://www.wikidata.org/entity/Q4213654,Karavelovo,Каравелово
http://www.wikidata.org/entity/Q4219792,Kesten,Кестен
http://www.wikidata.org/entity/Q4221444,Kirilovo (Oblast Stara Zagora),Кирилово (Област Стара Загора)
http://www.wikidata.org/entity/Q4222458,Kiten,Китен
http://www.wikidata.org/entity/Q4223675,Kliment (Oblast Plovdiv),Климент (Област Пловдив)
http://www.wikidata.org/entity/Q4224295,Klashka Reka,Клъшка Река
http://www.wikidata.org/entity/Q4225709,Kovach (Oblast Stara Zagora),Ковач (Област Стара Загора)
http://www.wikidata.org/entity/Q4226230,Koevtsi,Коевци
http://www.wikidata.org/entity/Q4226469,Kozarevets,Козаревец
http://www.wikidata.org/entity/Q4226628,Kozitsa,Козица
http://www.wikidata.org/entity/Q4227136,Kozyak,Козяк
http://www.wikidata.org/entity/Q4229233,Komarevo (Oblast Varna),Комарево (Област Варна)
http://www.wikidata.org/entity/Q4229235,Komarevo (Oblast Vratsa),Комарево (Област Враца)
http://www.wikidata.org/entity/Q4230368,Konare,Конаре
http://www.wikidata.org/entity/Q4230709,Konevo,Конево
http://www.wikidata.org/entity/Q4231776,Konush,Конуш
http://www.wikidata.org/entity/Q4232121,Konyovo,Коньово
http://www.wikidata.org/entity/Q4237459,Krayna (Obshtina Nedelino),Крайна (Община Неделино)
http://www.wikidata.org/entity/Q4237460,Krayna,Крайна
http://www.wikidata.org/entity/Q4237740,Krasen,Красен
http://www.wikidata.org/entity/Q4240486,Kreta,Крета
http://www.wikidata.org/entity/Q4240488,Kreta (Oblast Pleven),Крета (Област Плевен)
http://www.wikidata.org/entity/Q4242153,Krumovo,Крумово
http://www.wikidata.org/entity/Q4242155,Krumovo (Oblast Yambol),Крумово (Област Ямбол)
http://www.wikidata.org/entity/Q4242605,Krushevo,Крушево
http://www.wikidata.org/entity/Q4242673,Krushovitsa (Oblast Pleven),Крушовица (Област Плевен)
http://www.wikidata.org/entity/Q4242674,Krushovitsa,Крушовица
http://www.wikidata.org/entity/Q4247423,Kupen,Купен
http://www.wikidata.org/entity/Q4250896,Kapinovo,Къпиново
http://www.wikidata.org/entity/Q4256772,Levski,Левски
http://www.wikidata.org/entity/Q4259371,Leska,Леска
http://www.wikidata.org/entity/Q4262653,Lipnitsa,Липница
http://www.wikidata.org/entity/Q4263439,Listets,Листец
http://www.wikidata.org/entity/Q4264888,Lovets (Oblast Targovishte),Ловец (Област Търговище)
http://www.wikidata.org/entity/Q4264889,Lovets (Oblast Shumen),Ловец (Област Шумен)
http://www.wikidata.org/entity/Q4265405,Lozen,Лозен
http://www.wikidata.org/entity/Q4265465,Lozitsa,Лозица
http://www.wikidata.org/entity/Q4270549,Laka,Лъка
http://www.wikidata.org/entity/Q4271425,Lyuben,Любен
http://www.wikidata.org/entity/Q4271434,Lyubenovo,Любеново
http://www.wikidata.org/entity/Q4271436,Lyubenovo (Oblast Stara Zagora),Любеново (Област Стара Загора)
http://www.wikidata.org/entity/Q4272204,Lyulin (Oblast Yambol),Люлин (Област Ямбол)
http://www.wikidata.org/entity/Q4278358,Malomir (Oblast Shumen),Маломир (Област Шумен)
http://www.wikidata.org/entity/Q4278522,Malchovtsi (Oblast Veliko Tarnovo),Малчовци (Област Велико Търново)
http://www.wikidata.org/entity/Q4280177,Manastir (Oblast Plovdiv),Манастир (Област Пловдив)
http://www.wikidata.org/entity/Q4282158,Markovo,Марково
http://www.wikidata.org/entity/Q4282161,Markovo (Oblast Shumen),Марково (Област Шумен)
http://www.wikidata.org/entity/Q4285869,Matsa,Маца
http://www.wikidata.org/entity/Q4291798,Metlichina,Метличина
http://www.wikidata.org/entity/Q4291916,Metodievo (Oblast Shumen),Методиево (Област Шумен)
http://www.wikidata.org/entity/Q4293309,Miladinovtsi,Миладиновци
http://www.wikidata.org/entity/Q4293312,Miladinovtsi (Oblast Yambol),Миладиновци (Област Ямбол)
http://www.wikidata.org/entity/Q4293324,Milanovo,Миланово
http://www.wikidata.org/entity/Q4295920,Mirovo,Мирово
http://www.wikidata.org/entity/Q4297679,Mihaylovo,Михайлово
http://www.wikidata.org/entity/Q4297931,Mihalich,Михалич
http://www.wikidata.org/entity/Q4299082,Mogila (Oblast Yambol),Могила (Област Ямбол)
http://www.wikidata.org/entity/Q4300058,Mokresh,Мокреш
http://www.wikidata.org/entity/Q4302299,Morava,Морава
http://www.wikidata.org/entity/Q4302307,Moravitsa,Моравица
http://www.wikidata.org/entity/Q4305513,Mramor (Oblast Pernik),Мрамор (Област Перник)
http://www.wikidata.org/entity/Q4307931,Murgash,Мургаш
http://www.wikidata.org/entity/Q4308339,Musachevo (Oblast Stara Zagora),Мусачево (Област Стара Загора)
http://www.wikidata.org/entity/Q4309288,Madrets,Мъдрец
http://www.wikidata.org/entity/Q4314294,Naum,Наум
http://www.wikidata.org/entity/Q4316400,Neykovo,Нейково
http://www.wikidata.org/entity/Q4320405,Nikolaevo,Николаево
http://www.wikidata.org/entity/Q4320408,Nikolaevo (Oblast Pernik),Николаево (Област Перник)
http://www.wikidata.org/entity/Q4320410,Nikolaevo (Oblast Pleven),Николаево (Област Плевен)
http://www.wikidata.org/entity/Q4320411,Nikolaevo (Oblast Sliven),Николаево (Област Сливен)
http://www.wikidata.org/entity/Q4320791,Nikolovo,Николово
http://www.wikidata.org/entity/Q4320804,Nikolchovtsi (Oblast Veliko Tarnovo),Николчовци (Област Велико Търново)
http://www.wikidata.org/entity/Q4329619,Oborishte,Оборище
http://www.wikidata.org/entity/Q4330661,Oven,Овен
http://www.wikidata.org/entity/Q4334529,Oman,Оман
http://www.wikidata.org/entity/Q4334552,Omarchevo (Oblast Shumen),Омарчево (Област Шумен)
http://www.wikidata.org/entity/Q4336374,Oreshene,Орешене
http://www.wikidata.org/entity/Q4336380,Oreshets (Oblast Smolyan),Орешец (Област Смолян)
http://www.wikidata.org/entity/Q4336838,Orlovo,Орлово
http://www.wikidata.org/entity/Q4337575,Oselna (Sofiyska oblast),Оселна (Софийска област)
http://www.wikidata.org/entity/Q4337576,Oselna,Оселна
http://www.wikidata.org/entity/Q4337586,Osen (Oblast Silistra),Осен (Област Силистра)
http://www.wikidata.org/entity/Q4337588,Osen (Oblast Vratsa),Осен (Област Враца)
http://www.wikidata.org/entity/Q4338709,Ostrets,Острец
http://www.wikidata.org/entity/Q4338738,Ostritsa,Острица
http://www.wikidata.org/entity/Q4338740,Ostritsa (Oblast Smolyan),Острица (Област Смолян)
http://www.wikidata.org/entity/Q4342079,Padina,Падина
http://www.wikidata.org/entity/Q4342214,Paisiy,Паисий
http://www.wikidata.org/entity/Q4343840,Panayot Hitovo,Панайот Хитово
http://www.wikidata.org/entity/Q4347736,Pevets,Певец
http://www.wikidata.org/entity/Q4349114,Parvenets,Първенец
http://www.wikidata.org/entity/Q4359778,Pesnopoy,Песнопой
http://www.wikidata.org/entity/Q4360138,Pet Mogili,Пет Могили
http://www.wikidata.org/entity/Q4360140,Pet Mogili,Пет Могили
http://www.wikidata.org/entity/Q4360889,Petrov Dol,Петров Дол
http://www.wikidata.org/entity/Q4360890,Petrov dol (Oblast Smolyan),Петров дол (Област Смолян)
http://www.wikidata.org/entity/Q4361137,Petrovo,Петрово
http://www.wikidata.org/entity/Q4362234,Peshtera (Oblast Smolyan),Пещера (Област Смолян)
http://www.wikidata.org/entity/Q4363575,Pisarevo (Oblast Shumen),Писарево (Област Шумен)
http://www.wikidata.org/entity/Q4364454,Planintsi (Oblast Smolyan),Планинци (Област Смолян)
http://www.wikidata.org/entity/Q4366180,Pobeda (Oblast Yambol),Победа (Област Ямбол)
http://www.wikidata.org/entity/Q4366263,Pobit Kamak,Побит Камък
http://www.wikidata.org/entity/Q4368304,Podslon,Подслон
http://www.wikidata.org/entity/Q4368627,Pozharevo,Пожарево
http://www.wikidata.org/entity/Q4371457,Polyana (Oblast Smolyan),Поляна (Област Смолян)
http://www.wikidata.org/entity/Q4371469,Polyana,Поляна
http://www.wikidata.org/entity/Q4372806,Popovo,Попово
http://www.wikidata.org/entity/Q4372857,Popovtsi (Oblast Veliko Tarnovo),Поповци (Област Велико Търново)
http://www.wikidata.org/entity/Q4372859,Popovtsi,Поповци
http://www.wikidata.org/entity/Q4372895,Popska (Oblast Veliko Tarnovo),Попска (Област Велико Търново)
http://www.wikidata.org/entity/Q4373088,Poroyno,Поройно
http://www.wikidata.org/entity/Q4373089,Poroyno (Oblast Targovishte),Поройно (Област Търговище)
http://www.wikidata.org/entity/Q4373590,Posev,Посев
http://www.wikidata.org/entity/Q4374899,Potop,Потоп
http://www.wikidata.org/entity/Q4375806,Pravda,Правда
http://www.wikidata.org/entity/Q4375815,Pravda (Oblast Silistra),Правда (Област Силистра)
http://www.wikidata.org/entity/Q4377416,Presiyan,Пресиян
http://www.wikidata.org/entity/Q4379920,Prodanovtsi (Oblast Veliko Tarnovo),Продановци (Област Велико Търново)
http://www.wikidata.org/entity/Q4380589,Prolom,Пролом
http://www.wikidata.org/entity/Q4382794,Pryaporets,Пряпорец
http://www.wikidata.org/entity/Q4386926,Ravna,Равна
http://www.wikidata.org/entity/Q4386930,Ravna (Sofiyska oblast),Равна (Софийска област)
http://www.wikidata.org/entity/Q4386952,Ravno Selo,Равно Село
http://www.wikidata.org/entity/Q4387169,Radevo,Радево
http://www.wikidata.org/entity/Q4387799,Radovtsi (Oblast Veliko Tarnovo),Радовци (Област Велико Търново)
http://www.wikidata.org/entity/Q4388380,Razdel (Oblast Silistra),Раздел (Област Силистра)
http://www.wikidata.org/entity/Q4389027,Raynovtsi (Oblast Veliko Tarnovo),Райновци (Област Велико Търново)
http://www.wikidata.org/entity/Q4389371,Rakitnitsa,Ракитница
http://www.wikidata.org/entity/Q4389375,Rakitnitsa,Ракитница
http://www.wikidata.org/entity/Q4389577,Ralitsa (Oblast Targovishte),Ралица (Област Търговище)
http://www.wikidata.org/entity/Q4391404,Rayanovtsi,Раяновци
http://www.wikidata.org/entity/Q4391605,Rebro,Ребро
http://www.wikidata.org/entity/Q4394296,Ribaritsa,Рибарица
http://www.wikidata.org/entity/Q4394318,Ribnitsa,Рибница
http://www.wikidata.org/entity/Q4395761,Rodina,Родина
http://www.wikidata.org/entity/Q4396681,Rozovo (Oblast Pazardzhik),Розово (Област Пазарджик)
http://www.wikidata.org/entity/Q4397753,Rosen,Росен
http://www.wikidata.org/entity/Q4397772,Rositsa (Oblast Targovishte),Росица (Област Търговище)
http://www.wikidata.org/entity/Q4399525,Rudnik,Рудник
http://www.wikidata.org/entity/Q4399794,Ruen,Руен
http://www.wikidata.org/entity/Q4399827,Ruzhitsa (Oblast Yambol),Ружица (Област Ямбол)
http://www.wikidata.org/entity/Q4399828,Ruzhitsa,Ружица
http://www.wikidata.org/entity/Q4400189,Ruptsi,Рупци
http://www.wikidata.org/entity/Q4400190,Ruptsi (Oblast Pleven),Рупци (Област Плевен)
http://www.wikidata.org/entity/Q4403654,Sava,Сава
http://www.wikidata.org/entity/Q4403927,Savin,Савин
http://www.wikidata.org/entity/Q4410497,Svetlya,Светля
http://www.wikidata.org/entity/Q4411049,Svoboda,Свобода
http://www.wikidata.org/entity/Q4413959,Seltse,Селце
http://www.wikidata.org/entity/Q4415020,Selyanin,Селянин
http://www.wikidata.org/entity/Q4416533,Septemvriytsi,Септемврийци
http://www.wikidata.org/entity/Q4421985,Skobelevo,Скобелево
http://www.wikidata.org/entity/Q4421989,Skobelevo,Скобелево
http://www.wikidata.org/entity/Q4422856,Slaveykovo,Славейково
http://www.wikidata.org/entity/Q4422859,Slaveykovo (Oblast Yambol),Славейково (Област Ямбол)
http://www.wikidata.org/entity/Q4423017,Slavyanin,Славянин
http://www.wikidata.org/entity/Q4423205,Slatina,Слатина
http://www.wikidata.org/entity/Q4423210,Slatino,Слатино
http://www.wikidata.org/entity/Q4423421,Slivovitsa,Сливовица
http://www.wikidata.org/entity/Q4424518,Smilets,Смилец
http://www.wikidata.org/entity/Q4430861,Spasovo,Спасово
http://www.wikidata.org/entity/Q4438464,Sredets (Oblast Stara Zagora),Средец (Област Стара Загора)
http://www.wikidata.org/entity/Q4438661,Sredno Selo,Средно Село
http://www.wikidata.org/entity/Q4438662,Sredno selo (Oblast Veliko Tarnovo),Средно село (Област Велико Търново)
http://www.wikidata.org/entity/Q4438753,Sredorek,Средорек
http://www.wikidata.org/entity/Q4439306,Stambolovo,Стамболово
http://www.wikidata.org/entity/Q4439307,Stambolovo (Oblast Ruse),Стамболово (Област Русе)
http://www.wikidata.org/entity/Q4439591,Stanyantsi (Oblast Shumen),Станянци (Област Шумен)
http://www.wikidata.org/entity/Q4439593,Stanyovtsi,Станьовци
http://www.wikidata.org/entity/Q4439596,Stara reka (Oblast Yambol),Стара река (Област Ямбол)
http://www.wikidata.org/entity/Q4439599,Stara Reka,Стара Река
http://www.wikidata.org/entity/Q4440034,Staro Selo,Старо Село
http://www.wikidata.org/entity/Q4442417,Stefan Karadzha,Стефан Караджа
http://www.wikidata.org/entity/Q4442419,Stefan Karadzha (Oblast Silistra),Стефан Караджа (Област Силистра)
http://www.wikidata.org/entity/Q4442890,Stoletovo,Столетово
http://www.wikidata.org/entity/Q4442891,Stoletovo (Oblast Stara Zagora),Столетово (Област Стара Загора)
http://www.wikidata.org/entity/Q4443254,Stoyanovtsi (Oblast Veliko Tarnovo),Стояновци (Област Велико Търново)
http://www.wikidata.org/entity/Q4443288,Strazha,Стража
http://www.wikidata.org/entity/Q4443297,Strazhets,Стражец
http://www.wikidata.org/entity/Q4443342,Strandzha,Странджа
http://www.wikidata.org/entity/Q4443539,Strashimir,Страшимир
http://www.wikidata.org/entity/Q4443609,Strelets,Стрелец
http://www.wikidata.org/entity/Q4443611,Strelets (Oblast Stara Zagora),Стрелец (Област Стара Загора)
http://www.wikidata.org/entity/Q4443726,Streltsi,Стрелци
http://www.wikidata.org/entity/Q4443727,Streltsi (Oblast Sliven),Стрелци (Област Сливен)
http://www.wikidata.org/entity/Q4444397,Strupets,Струпец
http://www.wikidata.org/entity/Q4444442,Stryama,Стряма
http://www.wikidata.org/entity/Q4444467,Studena,Студена
http://www.wikidata.org/entity/Q4444498,Studenitsa,Студеница
http://www.wikidata.org/entity/Q4446865,Suha Reka,Суха Река
http://www.wikidata.org/entity/Q4447198,Suhodol,Суходол
http://www.wikidata.org/entity/Q4447884,Saedinenie (Oblast Targovishte),Съединение (Област Търговище)
http://www.wikidata.org/entity/Q4448054,Sarnevo,Сърнево
http://www.wikidata.org/entity/Q4448057,Sarnino,Сърнино
http://www.wikidata.org/entity/Q4452378,Tatarevo,Татарево
http://www.wikidata.org/entity/Q4455472,Tervel,Тервел
http://www.wikidata.org/entity/Q4458803,Ticha,Тича
http://www.wikidata.org/entity/Q4459359,Todorovtsi (Oblast Veliko Tarnovo),Тодоровци (Област Велико Търново)
http://www.wikidata.org/entity/Q4461644,Trave,Траве
http://www.wikidata.org/entity/Q4461799,Trakiya,Тракия
http://www.wikidata.org/entity/Q4462798,Tri Mogili,Три Могили
http://www.wikidata.org/entity/Q4464069,Troyanovo (Oblast Stara Zagora),Трояново (Област Стара Загора)
http://www.wikidata.org/entity/Q4464658,Trankovo (Oblast Yambol),Трънково (Област Ямбол)
http://www.wikidata.org/entity/Q4464659,Trankovo,Трънково
http://www.wikidata.org/entity/Q4467127,Tarnava,Търнава
http://www.wikidata.org/entity/Q4467139,Tarnovtsi,Търновци
http://www.wikidata.org/entity/Q4480316,Fabrika,Фабрика
http://www.wikidata.org/entity/Q4494555,Hadzhidimitrovo (Oblast Stara Zagora),Хаджидимитрово (Област Стара Загора)
http://www.wikidata.org/entity/Q4500660,Hrabrovo,Храброво
http://www.wikidata.org/entity/Q4501485,Hristovtsi (Oblast Veliko Tarnovo),Христовци (Област Велико Търново)
http://www.wikidata.org/entity/Q4502305,Huma,Хума
http://www.wikidata.org/entity/Q4502661,Harsovo (Oblast Shumen),Хърсово (Област Шумен)
http://www.wikidata.org/entity/Q4503127,Tsar Asen,Цар Асен
http://www.wikidata.org/entity/Q4503128,Tsar Asen (Oblast Targovishte),Цар Асен (Област Търговище)
http://www.wikidata.org/entity/Q4503141,Tsarevets (Oblast Vratsa),Царевец (Област Враца)
http://www.wikidata.org/entity/Q4503176,Tsarevtsi,Царевци
http://www.wikidata.org/entity/Q4503489,Tsvetnitsa,Цветница
http://www.wikidata.org/entity/Q4506603,Chavdartsi (Oblast Veliko Tarnovo),Чавдарци (Област Велико Търново)
http://www.wikidata.org/entity/Q4506744,Chayka,Чайка
http://www.wikidata.org/entity/Q4511874,Chepino,Чепино
http://www.wikidata.org/entity/Q4513203,Cherkovna,Черковна
http://www.wikidata.org/entity/Q4513204,Cherkovna,Черковна
http://www.wikidata.org/entity/Q4513205,Cherkovna,Черковна
http://www.wikidata.org/entity/Q4513208,Cherkovna,Черковна
http://www.wikidata.org/entity/Q4513276,Cherna Voda,Черна Вода
http://www.wikidata.org/entity/Q4513482,Cherni Vrah,Черни Връх
http://www.wikidata.org/entity/Q4513962,Chernozem,Чернозем
http://www.wikidata.org/entity/Q4515414,Cheshma,Чешма
http://www.wikidata.org/entity/Q4517852,Chukovets,Чуковец
http://www.wikidata.org/entity/Q4524131,Shipkovitsa,Шипковица
http://www.wikidata.org/entity/Q4538295,Yantra,Янтра
http://www.wikidata.org/entity/Q4538529,Yarebitsa,Яребица
http://www.wikidata.org/entity/Q4539164,Yasen,Ясен
http://www.wikidata.org/entity/Q4539210,Yasenovo,Ясеново
http://www.wikidata.org/entity/Q6703011,Temenuga (Oblast Veliko Tarnovo),Теменуга (Област Велико Търново)
http://www.wikidata.org/entity/Q7214973,Razdelna,Разделна
http://www.wikidata.org/entity/Q7223337,Matenitsa,Мътеница
http://www.wikidata.org/entity/Q7224960,Mechka (Oblast Pleven),Мечка (Област Плевен)
http://www.wikidata.org/entity/Q7240051,Lik,Лик
http://www.wikidata.org/entity/Q7254699,Kozarevets,Козаревец
http://www.wikidata.org/entity/Q7261122,Kalenik,Каленик
http://www.wikidata.org/entity/Q7264800,Iglika (Oblast Yambol),Иглика (Област Ямбол)
http://www.wikidata.org/entity/Q7272077,Zavoy,Завой
http://www.wikidata.org/entity/Q7279402,Dobrich,Добрич
http://www.wikidata.org/entity/Q7293934,Vladislav,Владислав
http://www.wikidata.org/entity/Q12074184,Ilinden,Илинден
http://www.wikidata.org/entity/Q12097397,Gradat,Градът
http://www.wikidata.org/entity/Q12099731,Debelets,Дебелец
http://www.wikidata.org/entity/Q12101892,Dolna Vasilitsa,Долна Василица
http://www.wikidata.org/entity/Q12133279,Neykyovets,Нейкьовец
http://www.wikidata.org/entity/Q12140540,Parvan,Първан
http://www.wikidata.org/entity/Q12140919,Q12140919,Q12140919
http://www.wikidata.org/entity/Q12143991,Prespa,Преспа
http://www.wikidata.org/entity/Q12168477,Tseperanite,Цепераните
http://www.wikidata.org/entity/Q12169851,Cherkovishte,Черковище
http://www.wikidata.org/entity/Q12275845,Varhari (Oblast Blagoevgrad),Върхари (Област Благоевград)
http://www.wikidata.org/entity/Q12294032,Slivovo (oblast Smolyan),Сливово (област Смолян)
http://www.wikidata.org/entity/Q12295031,Stancha (Oblast Gabrovo),Станча (Област Габрово)
http://www.wikidata.org/entity/Q12297104,Tamrash (selo),Тъмръш (село)
http://www.wikidata.org/entity/Q24574606,Dolno Panicherevo,Долно Паничерево
http://www.wikidata.org/entity/Q30097479,Vladovtsi,Владовци
http://www.wikidata.org/entity/Q30097496,Vlasatili,Власатили
http://www.wikidata.org/entity/Q30097499,Valkovtsi,Вълковци
http://www.wikidata.org/entity/Q30097502,Gaydari,Гайдари
http://www.wikidata.org/entity/Q30097532,Dzhurovtsi,Джуровци
http://www.wikidata.org/entity/Q30097554,Irinetsi,Иринеци
http://www.wikidata.org/entity/Q30097558,Karandili,Карандили
http://www.wikidata.org/entity/Q30097568,Nyushkovtsi,Нюшковци
http://www.wikidata.org/entity/Q30097570,Plazishte,Плъзище
http://www.wikidata.org/entity/Q30097572,Popovi livadi,Попови ливади
http://www.wikidata.org/entity/Q43847185,Brestovets,Брестовец
http://www.wikidata.org/entity/Q61021266,Q61021266,Q61021266
http://www.wikidata.org/entity/Q83272303,Banzareto,Бънзарето
